[2026-02-06 03:49:05] production.ERROR: The C:\Users\Lenovo\OneDrive\Documents\AB Semester 8\Web Sinta\web-sinta\website-sinta\sinta-app\bootstrap\cache directory must be present and writable. {"exception":"[object] (Exception(code: 0): The C:\\Users\\Lenovo\\OneDrive\\Documents\\AB Semester 8\\Web Sinta\\web-sinta\\website-sinta\\sinta-app\\bootstrap\\cache directory must be present and writable. at C:/Users/Lenovo/OneDrive/Documents/AB Semester 8/Web Sinta/web-sinta/website-sinta/sinta-app/vendor/laravel/framework/src/Illuminate/Foundation/PackageManifest.php:179)
[stacktrace]
#0 C:/Users/Lenovo/OneDrive/Documents/AB Semester 8/Web Sinta/web-sinta/website-sinta/sinta-app/vendor/laravel/framework/src/Illuminate/Foundation/PackageManifest.php(132): Illuminate/Foundation/PackageManifest->write(Array)
#1 C:/Users/Lenovo/OneDrive/Documents/AB Semester 8/Web Sinta/web-sinta/website-sinta/sinta-app/vendor/laravel/framework/src/Illuminate/Foundation/PackageManifest.php(108): Illuminate/Foundation/PackageManifest->build()
#2 C:/Users/Lenovo/OneDrive/Documents/AB Semester 8/Web Sinta/web-sinta/website-sinta/sinta-app/vendor/laravel/framework/src/Illuminate/Foundation/PackageManifest.php(90): Illuminate/Foundation/PackageManifest->getManifest()
#3 C:/Users/Lenovo/OneDrive/Documents/AB Semester 8/Web Sinta/web-sinta/website-sinta/sinta-app/vendor/laravel/framework/src/Illuminate/Foundation/PackageManifest.php(79): Illuminate/Foundation/PackageManifest->config('aliases')
#4 C:/Users/Lenovo/OneDrive/Documents/AB Semester 8/Web Sinta/web-sinta/website-sinta/sinta-app/vendor/laravel/framework/src/Illuminate/Foundation/Bootstrap/RegisterFacades.php(26): Illuminate/Foundation/PackageManifest->aliases()
#5 C:/Users/Lenovo/OneDrive/Documents/AB Semester 8/Web Sinta/web-sinta/website-sinta/sinta-app/vendor/laravel/framework/src/Illuminate/Foundation/Application.php(342): Illuminate/Foundation/Bootstrap/RegisterFacades->bootstrap(Object(Illuminate/Foundation/Application))
#6 C:/Users/Lenovo/OneDrive/Documents/AB Semester 8/Web Sinta/web-sinta/website-sinta/sinta-app/vendor/laravel/framework/src/Illuminate/Foundation/Console/Kernel.php(494): Illuminate/Foundation/Application->bootstrapWith(Array)
#7 C:/Users/Lenovo/OneDrive/Documents/AB Semester 8/Web Sinta/web-sinta/website-sinta/sinta-app/vendor/laravel/framework/src/Illuminate/Foundation/Console/Kernel.php(196): Illuminate/Foundation/Console/Kernel->bootstrap()
#8 C:/Users/Lenovo/OneDrive/Documents/AB Semester 8/Web Sinta/web-sinta/website-sinta/sinta-app/vendor/laravel/framework/src/Illuminate/Foundation/Application.php(1235): Illuminate/Foundation/Console/Kernel->handle(Object(Symfony/Component/Console/Input/ArgvInput), Object(Symfony/Component/Console/Output/ConsoleOutput))
#9 C:/Users/Lenovo/OneDrive/Documents/AB Semester 8/Web Sinta/web-sinta/website-sinta/sinta-app/artisan(16): Illuminate/Foundation/Application->handleCommand(Object(Symfony/Component/Console/Input/ArgvInput))
#10 {main}
"} 
[2026-02-06 04:38:20] local.ERROR: Database file at path [C:\Users\Lenovo\OneDrive\Documents\AB Semester 8\Web Sinta\web-sinta\website-sinta\sinta-app\database\database.sqlite] does not exist. Ensure this is an absolute path to the database. (Connection: sqlite, Database: C:\Users\Lenovo\OneDrive\Documents\AB Semester 8\Web Sinta\web-sinta\website-sinta\sinta-app\database\database.sqlite, SQL: select * from "sessions" where "id" = ZflqCipH0PS3wDxrr3ChAYdpXZ0afW7uy6O6pM2z limit 1) {"exception":"[object] (Illuminate\\Database\\QueryException(code: 0): Database file at path [C:\\Users\\Lenovo\\OneDrive\\Documents\\AB Semester 8\\Web Sinta\\web-sinta\\website-sinta\\sinta-app\\database\\database.sqlite] does not exist. Ensure this is an absolute path to the database. (Connection: sqlite, Database: C:\\Users\\Lenovo\\OneDrive\\Documents\\AB Semester 8\\Web Sinta\\web-sinta\\website-sinta\\sinta-app\\database\\database.sqlite, SQL: select * from \"sessions\" where \"id\" = ZflqCipH0PS3wDxrr3ChAYdpXZ0afW7uy6O6pM2z limit 1) at C:/Users/Lenovo/OneDrive/Documents/AB Semester 8/Web Sinta/web-sinta/website-sinta/sinta-app/vendor/laravel/framework/src/Illuminate/Database/Connection.php:838)
[stacktrace]
#0 C:/Users/Lenovo/OneDrive/Documents/AB Semester 8/Web Sinta/web-sinta/website-sinta/sinta-app/vendor/laravel/framework/src/Illuminate/Database/Connection.php(794): Illuminate/Database/Connection->runQueryCallback('select * from \"...', Array, Object(Closure))
#1 C:/Users/Lenovo/OneDrive/Documents/AB Semester 8/Web Sinta/web-sinta/website-sinta/sinta-app/vendor/laravel/framework/src/Illuminate/Database/Connection.php(411): Illuminate/Database/Connection->run('select * from \"...', Array, Object(Closure))
#2 C:/Users/Lenovo/OneDrive/Documents/AB Semester 8/Web Sinta/web-sinta/website-sinta/sinta-app/vendor/laravel/framework/src/Illuminate/Database/Query/Builder.php(3389): Illuminate/Database/Connection->select('select * from \"...', Array, false)
#3 C:/Users/Lenovo/OneDrive/Documents/AB Semester 8/Web Sinta/web-sinta/website-sinta/sinta-app/vendor/laravel/framework/src/Illuminate/Database/Query/Builder.php(3374): Illuminate/Database/Query/Builder->runSelect()
#4 C:/Users/Lenovo/OneDrive/Documents/AB Semester 8/Web Sinta/web-sinta/website-sinta/sinta-app/vendor/laravel/framework/src/Illuminate/Database/Query/Builder.php(3964): Illuminate/Database/Query/Builder->Illuminate/Database/Query/{closure}()
#5 C:/Users/Lenovo/OneDrive/Documents/AB Semester 8/Web Sinta/web-sinta/website-sinta/sinta-app/vendor/laravel/framework/src/Illuminate/Database/Query/Builder.php(3373): Illuminate/Database/Query/Builder->onceWithColumns(Array, Object(Closure))
#6 C:/Users/Lenovo/OneDrive/Documents/AB Semester 8/Web Sinta/web-sinta/website-sinta/sinta-app/vendor/laravel/framework/src/Illuminate/Database/Concerns/BuildsQueries.php(366): Illuminate/Database/Query/Builder->get(Array)
#7 C:/Users/Lenovo/OneDrive/Documents/AB Semester 8/Web Sinta/web-sinta/website-sinta/sinta-app/vendor/laravel/framework/src/Illuminate/Database/Query/Builder.php(3296): Illuminate/Database/Query/Builder->first(Array)
#8 C:/Users/Lenovo/OneDrive/Documents/AB Semester 8/Web Sinta/web-sinta/website-sinta/sinta-app/vendor/laravel/framework/src/Illuminate/Session/DatabaseSessionHandler.php(96): Illuminate/Database/Query/Builder->find('ZflqCipH0PS3wDx...')
#9 C:/Users/Lenovo/OneDrive/Documents/AB Semester 8/Web Sinta/web-sinta/website-sinta/sinta-app/vendor/laravel/framework/src/Illuminate/Session/Store.php(128): Illuminate/Session/DatabaseSessionHandler->read('ZflqCipH0PS3wDx...')
#10 C:/Users/Lenovo/OneDrive/Documents/AB Semester 8/Web Sinta/web-sinta/website-sinta/sinta-app/vendor/laravel/framework/src/Illuminate/Session/Store.php(116): Illuminate/Session/Store->readFromHandler()
#11 C:/Users/Lenovo/OneDrive/Documents/AB Semester 8/Web Sinta/web-sinta/website-sinta/sinta-app/vendor/laravel/framework/src/Illuminate/Session/Store.php(100): Illuminate/Session/Store->loadSession()
#12 C:/Users/Lenovo/OneDrive/Documents/AB Semester 8/Web Sinta/web-sinta/website-sinta/sinta-app/vendor/laravel/framework/src/Illuminate/Session/Middleware/StartSession.php(146): Illuminate/Session/Store->start()
#13 C:/Users/Lenovo/OneDrive/Documents/AB Semester 8/Web Sinta/web-sinta/website-sinta/sinta-app/vendor/laravel/framework/src/Illuminate/Support/helpers.php(390): Illuminate/Session/Middleware/StartSession->Illuminate/Session/Middleware/{closure}(Object(Illuminate/Session/Store))
#14 C:/Users/Lenovo/OneDrive/Documents/AB Semester 8/Web Sinta/web-sinta/website-sinta/sinta-app/vendor/laravel/framework/src/Illuminate/Session/Middleware/StartSession.php(143): tap(Object(Illuminate/Session/Store), Object(Closure))
#15 C:/Users/Lenovo/OneDrive/Documents/AB Semester 8/Web Sinta/web-sinta/website-sinta/sinta-app/vendor/laravel/framework/src/Illuminate/Session/Middleware/StartSession.php(115): Illuminate/Session/Middleware/StartSession->startSession(Object(Illuminate/Http/Request), Object(Illuminate/Session/Store))
#16 C:/Users/Lenovo/OneDrive/Documents/AB Semester 8/Web Sinta/web-sinta/website-sinta/sinta-app/vendor/laravel/framework/src/Illuminate/Session/Middleware/StartSession.php(63): Illuminate/Session/Middleware/StartSession->handleStatefulRequest(Object(Illuminate/Http/Request), Object(Illuminate/Session/Store), Object(Closure))
#17 C:/Users/Lenovo/OneDrive/Documents/AB Semester 8/Web Sinta/web-sinta/website-sinta/sinta-app/vendor/laravel/framework/src/Illuminate/Pipeline/Pipeline.php(219): Illuminate/Session/Middleware/StartSession->handle(Object(Illuminate/Http/Request), Object(Closure))
#18 C:/Users/Lenovo/OneDrive/Documents/AB Semester 8/Web Sinta/web-sinta/website-sinta/sinta-app/vendor/laravel/framework/src/Illuminate/Cookie/Middleware/AddQueuedCookiesToResponse.php(36): Illuminate/Pipeline/Pipeline->Illuminate/Pipeline/{closure}(Object(Illuminate/Http/Request))
#19 C:/Users/Lenovo/OneDrive/Documents/AB Semester 8/Web Sinta/web-sinta/website-sinta/sinta-app/vendor/laravel/framework/src/Illuminate/Pipeline/Pipeline.php(219): Illuminate/Cookie/Middleware/AddQueuedCookiesToResponse->handle(Object(Illuminate/Http/Request), Object(Closure))
#20 C:/Users/Lenovo/OneDrive/Documents/AB Semester 8/Web Sinta/web-sinta/website-sinta/sinta-app/vendor/laravel/framework/src/Illuminate/Cookie/Middleware/EncryptCookies.php(74): Illuminate/Pipeline/Pipeline->Illuminate/Pipeline/{closure}(Object(Illuminate/Http/Request))
#21 C:/Users/Lenovo/OneDrive/Documents/AB Semester 8/Web Sinta/web-sinta/website-sinta/sinta-app/vendor/laravel/framework/src/Illuminate/Pipeline/Pipeline.php(219): Illuminate/Cookie/Middleware/EncryptCookies->handle(Object(Illuminate/Http/Request), Object(Closure))
#22 C:/Users/Lenovo/OneDrive/Documents/AB Semester 8/Web Sinta/web-sinta/website-sinta/sinta-app/vendor/laravel/framework/src/Illuminate/Pipeline/Pipeline.php(137): Illuminate/Pipeline/Pipeline->Illuminate/Pipeline/{closure}(Object(Illuminate/Http/Request))
#23 C:/Users/Lenovo/OneDrive/Documents/AB Semester 8/Web Sinta/web-sinta/website-sinta/sinta-app/vendor/laravel/framework/src/Illuminate/Routing/Router.php(821): Illuminate/Pipeline/Pipeline->then(Object(Closure))
#24 C:/Users/Lenovo/OneDrive/Documents/AB Semester 8/Web Sinta/web-sinta/website-sinta/sinta-app/vendor/laravel/framework/src/Illuminate/Routing/Router.php(800): Illuminate/Routing/Router->runRouteWithinStack(Object(Illuminate/Routing/Route), Object(Illuminate/Http/Request))
#25 C:/Users/Lenovo/OneDrive/Documents/AB Semester 8/Web Sinta/web-sinta/website-sinta/sinta-app/vendor/laravel/framework/src/Illuminate/Routing/Router.php(764): Illuminate/Routing/Router->runRoute(Object(Illuminate/Http/Request), Object(Illuminate/Routing/Route))
#26 C:/Users/Lenovo/OneDrive/Documents/AB Semester 8/Web Sinta/web-sinta/website-sinta/sinta-app/vendor/laravel/framework/src/Illuminate/Routing/Router.php(753): Illuminate/Routing/Router->dispatchToRoute(Object(Illuminate/Http/Request))
#27 C:/Users/Lenovo/OneDrive/Documents/AB Semester 8/Web Sinta/web-sinta/website-sinta/sinta-app/vendor/laravel/framework/src/Illuminate/Foundation/Http/Kernel.php(200): Illuminate/Routing/Router->dispatch(Object(Illuminate/Http/Request))
#28 C:/Users/Lenovo/OneDrive/Documents/AB Semester 8/Web Sinta/web-sinta/website-sinta/sinta-app/vendor/laravel/framework/src/Illuminate/Pipeline/Pipeline.php(180): Illuminate/Foundation/Http/Kernel->Illuminate/Foundation/Http/{closure}(Object(Illuminate/Http/Request))
#29 C:/Users/Lenovo/OneDrive/Documents/AB Semester 8/Web Sinta/web-sinta/website-sinta/sinta-app/vendor/laravel/framework/src/Illuminate/Foundation/Http/Middleware/TransformsRequest.php(21): Illuminate/Pipeline/Pipeline->Illuminate/Pipeline/{closure}(Object(Illuminate/Http/Request))
#30 C:/Users/Lenovo/OneDrive/Documents/AB Semester 8/Web Sinta/web-sinta/website-sinta/sinta-app/vendor/laravel/framework/src/Illuminate/Foundation/Http/Middleware/ConvertEmptyStringsToNull.php(31): Illuminate/Foundation/Http/Middleware/TransformsRequest->handle(Object(Illuminate/Http/Request), Object(Closure))
#31 C:/Users/Lenovo/OneDrive/Documents/AB Semester 8/Web Sinta/web-sinta/website-sinta/sinta-app/vendor/laravel/framework/src/Illuminate/Pipeline/Pipeline.php(219): Illuminate/Foundation/Http/Middleware/ConvertEmptyStringsToNull->handle(Object(Illuminate/Http/Request), Object(Closure))
#32 C:/Users/Lenovo/OneDrive/Documents/AB Semester 8/Web Sinta/web-sinta/website-sinta/sinta-app/vendor/laravel/framework/src/Illuminate/Foundation/Http/Middleware/TransformsRequest.php(21): Illuminate/Pipeline/Pipeline->Illuminate/Pipeline/{closure}(Object(Illuminate/Http/Request))
#33 C:/Users/Lenovo/OneDrive/Documents/AB Semester 8/Web Sinta/web-sinta/website-sinta/sinta-app/vendor/laravel/framework/src/Illuminate/Foundation/Http/Middleware/TrimStrings.php(51): Illuminate/Foundation/Http/Middleware/TransformsRequest->handle(Object(Illuminate/Http/Request), Object(Closure))
#34 C:/Users/Lenovo/OneDrive/Documents/AB Semester 8/Web Sinta/web-sinta/website-sinta/sinta-app/vendor/laravel/framework/src/Illuminate/Pipeline/Pipeline.php(219): Illuminate/Foundation/Http/Middleware/TrimStrings->handle(Object(Illuminate/Http/Request), Object(Closure))
#35 C:/Users/Lenovo/OneDrive/Documents/AB Semester 8/Web Sinta/web-sinta/website-sinta/sinta-app/vendor/laravel/framework/src/Illuminate/Http/Middleware/ValidatePostSize.php(27): Illuminate/Pipeline/Pipeline->Illuminate/Pipeline/{closure}(Object(Illuminate/Http/Request))
#36 C:/Users/Lenovo/OneDrive/Documents/AB Semester 8/Web Sinta/web-sinta/website-sinta/sinta-app/vendor/laravel/framework/src/Illuminate/Pipeline/Pipeline.php(219): Illuminate/Http/Middleware/ValidatePostSize->handle(Object(Illuminate/Http/Request), Object(Closure))
#37 C:/Users/Lenovo/OneDrive/Documents/AB Semester 8/Web Sinta/web-sinta/website-sinta/sinta-app/vendor/laravel/framework/src/Illuminate/Foundation/Http/Middleware/PreventRequestsDuringMaintenance.php(109): Illuminate/Pipeline/Pipeline->Illuminate/Pipeline/{closure}(Object(Illuminate/Http/Request))
#38 C:/Users/Lenovo/OneDrive/Documents/AB Semester 8/Web Sinta/web-sinta/website-sinta/sinta-app/vendor/laravel/framework/src/Illuminate/Pipeline/Pipeline.php(219): Illuminate/Foundation/Http/Middleware/PreventRequestsDuringMaintenance->handle(Object(Illuminate/Http/Request), Object(Closure))
#39 C:/Users/Lenovo/OneDrive/Documents/AB Semester 8/Web Sinta/web-sinta/website-sinta/sinta-app/vendor/laravel/framework/src/Illuminate/Http/Middleware/HandleCors.php(61): Illuminate/Pipeline/Pipeline->Illuminate/Pipeline/{closure}(Object(Illuminate/Http/Request))
#40 C:/Users/Lenovo/OneDrive/Documents/AB Semester 8/Web Sinta/web-sinta/website-sinta/sinta-app/vendor/laravel/framework/src/Illuminate/Pipeline/Pipeline.php(219): Illuminate/Http/Middleware/HandleCors->handle(Object(Illuminate/Http/Request), Object(Closure))
#41 C:/Users/Lenovo/OneDrive/Documents/AB Semester 8/Web Sinta/web-sinta/website-sinta/sinta-app/vendor/laravel/framework/src/Illuminate/Http/Middleware/TrustProxies.php(58): Illuminate/Pipeline/Pipeline->Illuminate/Pipeline/{closure}(Object(Illuminate/Http/Request))
#42 C:/Users/Lenovo/OneDrive/Documents/AB Semester 8/Web Sinta/web-sinta/website-sinta/sinta-app/vendor/laravel/framework/src/Illuminate/Pipeline/Pipeline.php(219): Illuminate/Http/Middleware/TrustProxies->handle(Object(Illuminate/Http/Request), Object(Closure))
#43 C:/Users/Lenovo/OneDrive/Documents/AB Semester 8/Web Sinta/web-sinta/website-sinta/sinta-app/vendor/laravel/framework/src/Illuminate/Foundation/Http/Middleware/InvokeDeferredCallbacks.php(22): Illuminate/Pipeline/Pipeline->Illuminate/Pipeline/{closure}(Object(Illuminate/Http/Request))
#44 C:/Users/Lenovo/OneDrive/Documents/AB Semester 8/Web Sinta/web-sinta/website-sinta/sinta-app/vendor/laravel/framework/src/Illuminate/Pipeline/Pipeline.php(219): Illuminate/Foundation/Http/Middleware/InvokeDeferredCallbacks->handle(Object(Illuminate/Http/Request), Object(Closure))
#45 C:/Users/Lenovo/OneDrive/Documents/AB Semester 8/Web Sinta/web-sinta/website-sinta/sinta-app/vendor/laravel/framework/src/Illuminate/Http/Middleware/ValidatePathEncoding.php(26): Illuminate/Pipeline/Pipeline->Illuminate/Pipeline/{closure}(Object(Illuminate/Http/Request))
#46 C:/Users/Lenovo/OneDrive/Documents/AB Semester 8/Web Sinta/web-sinta/website-sinta/sinta-app/vendor/laravel/framework/src/Illuminate/Pipeline/Pipeline.php(219): Illuminate/Http/Middleware/ValidatePathEncoding->handle(Object(Illuminate/Http/Request), Object(Closure))
#47 C:/Users/Lenovo/OneDrive/Documents/AB Semester 8/Web Sinta/web-sinta/website-sinta/sinta-app/vendor/laravel/framework/src/Illuminate/Pipeline/Pipeline.php(137): Illuminate/Pipeline/Pipeline->Illuminate/Pipeline/{closure}(Object(Illuminate/Http/Request))
#48 C:/Users/Lenovo/OneDrive/Documents/AB Semester 8/Web Sinta/web-sinta/website-sinta/sinta-app/vendor/laravel/framework/src/Illuminate/Foundation/Http/Kernel.php(175): Illuminate/Pipeline/Pipeline->then(Object(Closure))
#49 C:/Users/Lenovo/OneDrive/Documents/AB Semester 8/Web Sinta/web-sinta/website-sinta/sinta-app/vendor/laravel/framework/src/Illuminate/Foundation/Http/Kernel.php(144): Illuminate/Foundation/Http/Kernel->sendRequestThroughRouter(Object(Illuminate/Http/Request))
#50 C:/Users/Lenovo/OneDrive/Documents/AB Semester 8/Web Sinta/web-sinta/website-sinta/sinta-app/vendor/laravel/framework/src/Illuminate/Foundation/Application.php(1220): Illuminate/Foundation/Http/Kernel->handle(Object(Illuminate/Http/Request))
#51 C:/Users/Lenovo/OneDrive/Documents/AB Semester 8/Web Sinta/web-sinta/website-sinta/sinta-app/public/index.php(20): Illuminate/Foundation/Application->handleRequest(Object(Illuminate/Http/Request))
#52 C:/Users/Lenovo/OneDrive/Documents/AB Semester 8/Web Sinta/web-sinta/website-sinta/sinta-app/vendor/laravel/framework/src/Illuminate/Foundation/resources/server.php(23): require_once('C://Users//Lenovo...')
#53 {main}

[previous exception] [object] (Illuminate\\Database\\SQLiteDatabaseDoesNotExistException(code: 0): Database file at path [C:\\Users\\Lenovo\\OneDrive\\Documents\\AB Semester 8\\Web Sinta\\web-sinta\\website-sinta\\sinta-app\\database\\database.sqlite] does not exist. Ensure this is an absolute path to the database. at C:/Users/Lenovo/OneDrive/Documents/AB Semester 8/Web Sinta/web-sinta/website-sinta/sinta-app/vendor/laravel/framework/src/Illuminate/Database/Connectors/SQLiteConnector.php:60)
[stacktrace]
#0 C:/Users/Lenovo/OneDrive/Documents/AB Semester 8/Web Sinta/web-sinta/website-sinta/sinta-app/vendor/laravel/framework/src/Illuminate/Database/Connectors/SQLiteConnector.php(19): Illuminate/Database/Connectors/SQLiteConnector->parseDatabasePath(false)
#1 C:/Users/Lenovo/OneDrive/Documents/AB Semester 8/Web Sinta/web-sinta/website-sinta/sinta-app/vendor/laravel/framework/src/Illuminate/Database/Connectors/ConnectionFactory.php(225): Illuminate/Database/Connectors/SQLiteConnector->connect(Array)
#2 [internal function]: Illuminate/Database/Connectors/ConnectionFactory->Illuminate/Database/Connectors/{closure}()
#3 C:/Users/Lenovo/OneDrive/Documents/AB Semester 8/Web Sinta/web-sinta/website-sinta/sinta-app/vendor/laravel/framework/src/Illuminate/Database/Connection.php(1257): call_user_func(Object(Closure))
#4 C:/Users/Lenovo/OneDrive/Documents/AB Semester 8/Web Sinta/web-sinta/website-sinta/sinta-app/vendor/laravel/framework/src/Illuminate/Database/Connection.php(525): Illuminate/Database/Connection->getPdo()
#5 C:/Users/Lenovo/OneDrive/Documents/AB Semester 8/Web Sinta/web-sinta/website-sinta/sinta-app/vendor/laravel/framework/src/Illuminate/Database/Connection.php(420): Illuminate/Database/Connection->getPdoForSelect(false)
#6 C:/Users/Lenovo/OneDrive/Documents/AB Semester 8/Web Sinta/web-sinta/website-sinta/sinta-app/vendor/laravel/framework/src/Illuminate/Database/Connection.php(827): Illuminate/Database/Connection->Illuminate/Database/{closure}('select * from \"...', Array)
#7 C:/Users/Lenovo/OneDrive/Documents/AB Semester 8/Web Sinta/web-sinta/website-sinta/sinta-app/vendor/laravel/framework/src/Illuminate/Database/Connection.php(794): Illuminate/Database/Connection->runQueryCallback('select * from \"...', Array, Object(Closure))
#8 C:/Users/Lenovo/OneDrive/Documents/AB Semester 8/Web Sinta/web-sinta/website-sinta/sinta-app/vendor/laravel/framework/src/Illuminate/Database/Connection.php(411): Illuminate/Database/Connection->run('select * from \"...', Array, Object(Closure))
#9 C:/Users/Lenovo/OneDrive/Documents/AB Semester 8/Web Sinta/web-sinta/website-sinta/sinta-app/vendor/laravel/framework/src/Illuminate/Database/Query/Builder.php(3389): Illuminate/Database/Connection->select('select * from \"...', Array, false)
#10 C:/Users/Lenovo/OneDrive/Documents/AB Semester 8/Web Sinta/web-sinta/website-sinta/sinta-app/vendor/laravel/framework/src/Illuminate/Database/Query/Builder.php(3374): Illuminate/Database/Query/Builder->runSelect()
#11 C:/Users/Lenovo/OneDrive/Documents/AB Semester 8/Web Sinta/web-sinta/website-sinta/sinta-app/vendor/laravel/framework/src/Illuminate/Database/Query/Builder.php(3964): Illuminate/Database/Query/Builder->Illuminate/Database/Query/{closure}()
#12 C:/Users/Lenovo/OneDrive/Documents/AB Semester 8/Web Sinta/web-sinta/website-sinta/sinta-app/vendor/laravel/framework/src/Illuminate/Database/Query/Builder.php(3373): Illuminate/Database/Query/Builder->onceWithColumns(Array, Object(Closure))
#13 C:/Users/Lenovo/OneDrive/Documents/AB Semester 8/Web Sinta/web-sinta/website-sinta/sinta-app/vendor/laravel/framework/src/Illuminate/Database/Concerns/BuildsQueries.php(366): Illuminate/Database/Query/Builder->get(Array)
#14 C:/Users/Lenovo/OneDrive/Documents/AB Semester 8/Web Sinta/web-sinta/website-sinta/sinta-app/vendor/laravel/framework/src/Illuminate/Database/Query/Builder.php(3296): Illuminate/Database/Query/Builder->first(Array)
#15 C:/Users/Lenovo/OneDrive/Documents/AB Semester 8/Web Sinta/web-sinta/website-sinta/sinta-app/vendor/laravel/framework/src/Illuminate/Session/DatabaseSessionHandler.php(96): Illuminate/Database/Query/Builder->find('ZflqCipH0PS3wDx...')
#16 C:/Users/Lenovo/OneDrive/Documents/AB Semester 8/Web Sinta/web-sinta/website-sinta/sinta-app/vendor/laravel/framework/src/Illuminate/Session/Store.php(128): Illuminate/Session/DatabaseSessionHandler->read('ZflqCipH0PS3wDx...')
#17 C:/Users/Lenovo/OneDrive/Documents/AB Semester 8/Web Sinta/web-sinta/website-sinta/sinta-app/vendor/laravel/framework/src/Illuminate/Session/Store.php(116): Illuminate/Session/Store->readFromHandler()
#18 C:/Users/Lenovo/OneDrive/Documents/AB Semester 8/Web Sinta/web-sinta/website-sinta/sinta-app/vendor/laravel/framework/src/Illuminate/Session/Store.php(100): Illuminate/Session/Store->loadSession()
#19 C:/Users/Lenovo/OneDrive/Documents/AB Semester 8/Web Sinta/web-sinta/website-sinta/sinta-app/vendor/laravel/framework/src/Illuminate/Session/Middleware/StartSession.php(146): Illuminate/Session/Store->start()
#20 C:/Users/Lenovo/OneDrive/Documents/AB Semester 8/Web Sinta/web-sinta/website-sinta/sinta-app/vendor/laravel/framework/src/Illuminate/Support/helpers.php(390): Illuminate/Session/Middleware/StartSession->Illuminate/Session/Middleware/{closure}(Object(Illuminate/Session/Store))
#21 C:/Users/Lenovo/OneDrive/Documents/AB Semester 8/Web Sinta/web-sinta/website-sinta/sinta-app/vendor/laravel/framework/src/Illuminate/Session/Middleware/StartSession.php(143): tap(Object(Illuminate/Session/Store), Object(Closure))
#22 C:/Users/Lenovo/OneDrive/Documents/AB Semester 8/Web Sinta/web-sinta/website-sinta/sinta-app/vendor/laravel/framework/src/Illuminate/Session/Middleware/StartSession.php(115): Illuminate/Session/Middleware/StartSession->startSession(Object(Illuminate/Http/Request), Object(Illuminate/Session/Store))
#23 C:/Users/Lenovo/OneDrive/Documents/AB Semester 8/Web Sinta/web-sinta/website-sinta/sinta-app/vendor/laravel/framework/src/Illuminate/Session/Middleware/StartSession.php(63): Illuminate/Session/Middleware/StartSession->handleStatefulRequest(Object(Illuminate/Http/Request), Object(Illuminate/Session/Store), Object(Closure))
#24 C:/Users/Lenovo/OneDrive/Documents/AB Semester 8/Web Sinta/web-sinta/website-sinta/sinta-app/vendor/laravel/framework/src/Illuminate/Pipeline/Pipeline.php(219): Illuminate/Session/Middleware/StartSession->handle(Object(Illuminate/Http/Request), Object(Closure))
#25 C:/Users/Lenovo/OneDrive/Documents/AB Semester 8/Web Sinta/web-sinta/website-sinta/sinta-app/vendor/laravel/framework/src/Illuminate/Cookie/Middleware/AddQueuedCookiesToResponse.php(36): Illuminate/Pipeline/Pipeline->Illuminate/Pipeline/{closure}(Object(Illuminate/Http/Request))
#26 C:/Users/Lenovo/OneDrive/Documents/AB Semester 8/Web Sinta/web-sinta/website-sinta/sinta-app/vendor/laravel/framework/src/Illuminate/Pipeline/Pipeline.php(219): Illuminate/Cookie/Middleware/AddQueuedCookiesToResponse->handle(Object(Illuminate/Http/Request), Object(Closure))
#27 C:/Users/Lenovo/OneDrive/Documents/AB Semester 8/Web Sinta/web-sinta/website-sinta/sinta-app/vendor/laravel/framework/src/Illuminate/Cookie/Middleware/EncryptCookies.php(74): Illuminate/Pipeline/Pipeline->Illuminate/Pipeline/{closure}(Object(Illuminate/Http/Request))
#28 C:/Users/Lenovo/OneDrive/Documents/AB Semester 8/Web Sinta/web-sinta/website-sinta/sinta-app/vendor/laravel/framework/src/Illuminate/Pipeline/Pipeline.php(219): Illuminate/Cookie/Middleware/EncryptCookies->handle(Object(Illuminate/Http/Request), Object(Closure))
#29 C:/Users/Lenovo/OneDrive/Documents/AB Semester 8/Web Sinta/web-sinta/website-sinta/sinta-app/vendor/laravel/framework/src/Illuminate/Pipeline/Pipeline.php(137): Illuminate/Pipeline/Pipeline->Illuminate/Pipeline/{closure}(Object(Illuminate/Http/Request))
#30 C:/Users/Lenovo/OneDrive/Documents/AB Semester 8/Web Sinta/web-sinta/website-sinta/sinta-app/vendor/laravel/framework/src/Illuminate/Routing/Router.php(821): Illuminate/Pipeline/Pipeline->then(Object(Closure))
#31 C:/Users/Lenovo/OneDrive/Documents/AB Semester 8/Web Sinta/web-sinta/website-sinta/sinta-app/vendor/laravel/framework/src/Illuminate/Routing/Router.php(800): Illuminate/Routing/Router->runRouteWithinStack(Object(Illuminate/Routing/Route), Object(Illuminate/Http/Request))
#32 C:/Users/Lenovo/OneDrive/Documents/AB Semester 8/Web Sinta/web-sinta/website-sinta/sinta-app/vendor/laravel/framework/src/Illuminate/Routing/Router.php(764): Illuminate/Routing/Router->runRoute(Object(Illuminate/Http/Request), Object(Illuminate/Routing/Route))
#33 C:/Users/Lenovo/OneDrive/Documents/AB Semester 8/Web Sinta/web-sinta/website-sinta/sinta-app/vendor/laravel/framework/src/Illuminate/Routing/Router.php(753): Illuminate/Routing/Router->dispatchToRoute(Object(Illuminate/Http/Request))
#34 C:/Users/Lenovo/OneDrive/Documents/AB Semester 8/Web Sinta/web-sinta/website-sinta/sinta-app/vendor/laravel/framework/src/Illuminate/Foundation/Http/Kernel.php(200): Illuminate/Routing/Router->dispatch(Object(Illuminate/Http/Request))
#35 C:/Users/Lenovo/OneDrive/Documents/AB Semester 8/Web Sinta/web-sinta/website-sinta/sinta-app/vendor/laravel/framework/src/Illuminate/Pipeline/Pipeline.php(180): Illuminate/Foundation/Http/Kernel->Illuminate/Foundation/Http/{closure}(Object(Illuminate/Http/Request))
#36 C:/Users/Lenovo/OneDrive/Documents/AB Semester 8/Web Sinta/web-sinta/website-sinta/sinta-app/vendor/laravel/framework/src/Illuminate/Foundation/Http/Middleware/TransformsRequest.php(21): Illuminate/Pipeline/Pipeline->Illuminate/Pipeline/{closure}(Object(Illuminate/Http/Request))
#37 C:/Users/Lenovo/OneDrive/Documents/AB Semester 8/Web Sinta/web-sinta/website-sinta/sinta-app/vendor/laravel/framework/src/Illuminate/Foundation/Http/Middleware/ConvertEmptyStringsToNull.php(31): Illuminate/Foundation/Http/Middleware/TransformsRequest->handle(Object(Illuminate/Http/Request), Object(Closure))
#38 C:/Users/Lenovo/OneDrive/Documents/AB Semester 8/Web Sinta/web-sinta/website-sinta/sinta-app/vendor/laravel/framework/src/Illuminate/Pipeline/Pipeline.php(219): Illuminate/Foundation/Http/Middleware/ConvertEmptyStringsToNull->handle(Object(Illuminate/Http/Request), Object(Closure))
#39 C:/Users/Lenovo/OneDrive/Documents/AB Semester 8/Web Sinta/web-sinta/website-sinta/sinta-app/vendor/laravel/framework/src/Illuminate/Foundation/Http/Middleware/TransformsRequest.php(21): Illuminate/Pipeline/Pipeline->Illuminate/Pipeline/{closure}(Object(Illuminate/Http/Request))
#40 C:/Users/Lenovo/OneDrive/Documents/AB Semester 8/Web Sinta/web-sinta/website-sinta/sinta-app/vendor/laravel/framework/src/Illuminate/Foundation/Http/Middleware/TrimStrings.php(51): Illuminate/Foundation/Http/Middleware/TransformsRequest->handle(Object(Illuminate/Http/Request), Object(Closure))
#41 C:/Users/Lenovo/OneDrive/Documents/AB Semester 8/Web Sinta/web-sinta/website-sinta/sinta-app/vendor/laravel/framework/src/Illuminate/Pipeline/Pipeline.php(219): Illuminate/Foundation/Http/Middleware/TrimStrings->handle(Object(Illuminate/Http/Request), Object(Closure))
#42 C:/Users/Lenovo/OneDrive/Documents/AB Semester 8/Web Sinta/web-sinta/website-sinta/sinta-app/vendor/laravel/framework/src/Illuminate/Http/Middleware/ValidatePostSize.php(27): Illuminate/Pipeline/Pipeline->Illuminate/Pipeline/{closure}(Object(Illuminate/Http/Request))
#43 C:/Users/Lenovo/OneDrive/Documents/AB Semester 8/Web Sinta/web-sinta/website-sinta/sinta-app/vendor/laravel/framework/src/Illuminate/Pipeline/Pipeline.php(219): Illuminate/Http/Middleware/ValidatePostSize->handle(Object(Illuminate/Http/Request), Object(Closure))
#44 C:/Users/Lenovo/OneDrive/Documents/AB Semester 8/Web Sinta/web-sinta/website-sinta/sinta-app/vendor/laravel/framework/src/Illuminate/Foundation/Http/Middleware/PreventRequestsDuringMaintenance.php(109): Illuminate/Pipeline/Pipeline->Illuminate/Pipeline/{closure}(Object(Illuminate/Http/Request))
#45 C:/Users/Lenovo/OneDrive/Documents/AB Semester 8/Web Sinta/web-sinta/website-sinta/sinta-app/vendor/laravel/framework/src/Illuminate/Pipeline/Pipeline.php(219): Illuminate/Foundation/Http/Middleware/PreventRequestsDuringMaintenance->handle(Object(Illuminate/Http/Request), Object(Closure))
#46 C:/Users/Lenovo/OneDrive/Documents/AB Semester 8/Web Sinta/web-sinta/website-sinta/sinta-app/vendor/laravel/framework/src/Illuminate/Http/Middleware/HandleCors.php(61): Illuminate/Pipeline/Pipeline->Illuminate/Pipeline/{closure}(Object(Illuminate/Http/Request))
#47 C:/Users/Lenovo/OneDrive/Documents/AB Semester 8/Web Sinta/web-sinta/website-sinta/sinta-app/vendor/laravel/framework/src/Illuminate/Pipeline/Pipeline.php(219): Illuminate/Http/Middleware/HandleCors->handle(Object(Illuminate/Http/Request), Object(Closure))
#48 C:/Users/Lenovo/OneDrive/Documents/AB Semester 8/Web Sinta/web-sinta/website-sinta/sinta-app/vendor/laravel/framework/src/Illuminate/Http/Middleware/TrustProxies.php(58): Illuminate/Pipeline/Pipeline->Illuminate/Pipeline/{closure}(Object(Illuminate/Http/Request))
#49 C:/Users/Lenovo/OneDrive/Documents/AB Semester 8/Web Sinta/web-sinta/website-sinta/sinta-app/vendor/laravel/framework/src/Illuminate/Pipeline/Pipeline.php(219): Illuminate/Http/Middleware/TrustProxies->handle(Object(Illuminate/Http/Request), Object(Closure))
#50 C:/Users/Lenovo/OneDrive/Documents/AB Semester 8/Web Sinta/web-sinta/website-sinta/sinta-app/vendor/laravel/framework/src/Illuminate/Foundation/Http/Middleware/InvokeDeferredCallbacks.php(22): Illuminate/Pipeline/Pipeline->Illuminate/Pipeline/{closure}(Object(Illuminate/Http/Request))
#51 C:/Users/Lenovo/OneDrive/Documents/AB Semester 8/Web Sinta/web-sinta/website-sinta/sinta-app/vendor/laravel/framework/src/Illuminate/Pipeline/Pipeline.php(219): Illuminate/Foundation/Http/Middleware/InvokeDeferredCallbacks->handle(Object(Illuminate/Http/Request), Object(Closure))
#52 C:/Users/Lenovo/OneDrive/Documents/AB Semester 8/Web Sinta/web-sinta/website-sinta/sinta-app/vendor/laravel/framework/src/Illuminate/Http/Middleware/ValidatePathEncoding.php(26): Illuminate/Pipeline/Pipeline->Illuminate/Pipeline/{closure}(Object(Illuminate/Http/Request))
#53 C:/Users/Lenovo/OneDrive/Documents/AB Semester 8/Web Sinta/web-sinta/website-sinta/sinta-app/vendor/laravel/framework/src/Illuminate/Pipeline/Pipeline.php(219): Illuminate/Http/Middleware/ValidatePathEncoding->handle(Object(Illuminate/Http/Request), Object(Closure))
#54 C:/Users/Lenovo/OneDrive/Documents/AB Semester 8/Web Sinta/web-sinta/website-sinta/sinta-app/vendor/laravel/framework/src/Illuminate/Pipeline/Pipeline.php(137): Illuminate/Pipeline/Pipeline->Illuminate/Pipeline/{closure}(Object(Illuminate/Http/Request))
#55 C:/Users/Lenovo/OneDrive/Documents/AB Semester 8/Web Sinta/web-sinta/website-sinta/sinta-app/vendor/laravel/framework/src/Illuminate/Foundation/Http/Kernel.php(175): Illuminate/Pipeline/Pipeline->then(Object(Closure))
#56 C:/Users/Lenovo/OneDrive/Documents/AB Semester 8/Web Sinta/web-sinta/website-sinta/sinta-app/vendor/laravel/framework/src/Illuminate/Foundation/Http/Kernel.php(144): Illuminate/Foundation/Http/Kernel->sendRequestThroughRouter(Object(Illuminate/Http/Request))
#57 C:/Users/Lenovo/OneDrive/Documents/AB Semester 8/Web Sinta/web-sinta/website-sinta/sinta-app/vendor/laravel/framework/src/Illuminate/Foundation/Application.php(1220): Illuminate/Foundation/Http/Kernel->handle(Object(Illuminate/Http/Request))
#58 C:/Users/Lenovo/OneDrive/Documents/AB Semester 8/Web Sinta/web-sinta/website-sinta/sinta-app/public/index.php(20): Illuminate/Foundation/Application->handleRequest(Object(Illuminate/Http/Request))
#59 C:/Users/Lenovo/OneDrive/Documents/AB Semester 8/Web Sinta/web-sinta/website-sinta/sinta-app/vendor/laravel/framework/src/Illuminate/Foundation/resources/server.php(23): require_once('C://Users//Lenovo...')
#60 {main}
"} 
[2026-02-06 04:40:48] local.ERROR: Database file at path [C:\Users\Lenovo\OneDrive\Documents\AB Semester 8\Web Sinta\web-sinta\website-sinta\sinta-app\database\database.sqlite] does not exist. Ensure this is an absolute path to the database. (Connection: sqlite, Database: C:\Users\Lenovo\OneDrive\Documents\AB Semester 8\Web Sinta\web-sinta\website-sinta\sinta-app\database\database.sqlite, SQL: select * from "sessions" where "id" = NYJXxl0x8yiBbQjzMgO1L3XO7SXG8sICKWEW0p9l limit 1) {"exception":"[object] (Illuminate\\Database\\QueryException(code: 0): Database file at path [C:\\Users\\Lenovo\\OneDrive\\Documents\\AB Semester 8\\Web Sinta\\web-sinta\\website-sinta\\sinta-app\\database\\database.sqlite] does not exist. Ensure this is an absolute path to the database. (Connection: sqlite, Database: C:\\Users\\Lenovo\\OneDrive\\Documents\\AB Semester 8\\Web Sinta\\web-sinta\\website-sinta\\sinta-app\\database\\database.sqlite, SQL: select * from \"sessions\" where \"id\" = NYJXxl0x8yiBbQjzMgO1L3XO7SXG8sICKWEW0p9l limit 1) at C:/Users/Lenovo/OneDrive/Documents/AB Semester 8/Web Sinta/web-sinta/website-sinta/sinta-app/vendor/laravel/framework/src/Illuminate/Database/Connection.php:838)
[stacktrace]
#0 C:/Users/Lenovo/OneDrive/Documents/AB Semester 8/Web Sinta/web-sinta/website-sinta/sinta-app/vendor/laravel/framework/src/Illuminate/Database/Connection.php(794): Illuminate/Database/Connection->runQueryCallback('select * from \"...', Array, Object(Closure))
#1 C:/Users/Lenovo/OneDrive/Documents/AB Semester 8/Web Sinta/web-sinta/website-sinta/sinta-app/vendor/laravel/framework/src/Illuminate/Database/Connection.php(411): Illuminate/Database/Connection->run('select * from \"...', Array, Object(Closure))
#2 C:/Users/Lenovo/OneDrive/Documents/AB Semester 8/Web Sinta/web-sinta/website-sinta/sinta-app/vendor/laravel/framework/src/Illuminate/Database/Query/Builder.php(3389): Illuminate/Database/Connection->select('select * from \"...', Array, false)
#3 C:/Users/Lenovo/OneDrive/Documents/AB Semester 8/Web Sinta/web-sinta/website-sinta/sinta-app/vendor/laravel/framework/src/Illuminate/Database/Query/Builder.php(3374): Illuminate/Database/Query/Builder->runSelect()
#4 C:/Users/Lenovo/OneDrive/Documents/AB Semester 8/Web Sinta/web-sinta/website-sinta/sinta-app/vendor/laravel/framework/src/Illuminate/Database/Query/Builder.php(3964): Illuminate/Database/Query/Builder->Illuminate/Database/Query/{closure}()
#5 C:/Users/Lenovo/OneDrive/Documents/AB Semester 8/Web Sinta/web-sinta/website-sinta/sinta-app/vendor/laravel/framework/src/Illuminate/Database/Query/Builder.php(3373): Illuminate/Database/Query/Builder->onceWithColumns(Array, Object(Closure))
#6 C:/Users/Lenovo/OneDrive/Documents/AB Semester 8/Web Sinta/web-sinta/website-sinta/sinta-app/vendor/laravel/framework/src/Illuminate/Database/Concerns/BuildsQueries.php(366): Illuminate/Database/Query/Builder->get(Array)
#7 C:/Users/Lenovo/OneDrive/Documents/AB Semester 8/Web Sinta/web-sinta/website-sinta/sinta-app/vendor/laravel/framework/src/Illuminate/Database/Query/Builder.php(3296): Illuminate/Database/Query/Builder->first(Array)
#8 C:/Users/Lenovo/OneDrive/Documents/AB Semester 8/Web Sinta/web-sinta/website-sinta/sinta-app/vendor/laravel/framework/src/Illuminate/Session/DatabaseSessionHandler.php(96): Illuminate/Database/Query/Builder->find('NYJXxl0x8yiBbQj...')
#9 C:/Users/Lenovo/OneDrive/Documents/AB Semester 8/Web Sinta/web-sinta/website-sinta/sinta-app/vendor/laravel/framework/src/Illuminate/Session/Store.php(128): Illuminate/Session/DatabaseSessionHandler->read('NYJXxl0x8yiBbQj...')
#10 C:/Users/Lenovo/OneDrive/Documents/AB Semester 8/Web Sinta/web-sinta/website-sinta/sinta-app/vendor/laravel/framework/src/Illuminate/Session/Store.php(116): Illuminate/Session/Store->readFromHandler()
#11 C:/Users/Lenovo/OneDrive/Documents/AB Semester 8/Web Sinta/web-sinta/website-sinta/sinta-app/vendor/laravel/framework/src/Illuminate/Session/Store.php(100): Illuminate/Session/Store->loadSession()
#12 C:/Users/Lenovo/OneDrive/Documents/AB Semester 8/Web Sinta/web-sinta/website-sinta/sinta-app/vendor/laravel/framework/src/Illuminate/Session/Middleware/StartSession.php(146): Illuminate/Session/Store->start()
#13 C:/Users/Lenovo/OneDrive/Documents/AB Semester 8/Web Sinta/web-sinta/website-sinta/sinta-app/vendor/laravel/framework/src/Illuminate/Support/helpers.php(390): Illuminate/Session/Middleware/StartSession->Illuminate/Session/Middleware/{closure}(Object(Illuminate/Session/Store))
#14 C:/Users/Lenovo/OneDrive/Documents/AB Semester 8/Web Sinta/web-sinta/website-sinta/sinta-app/vendor/laravel/framework/src/Illuminate/Session/Middleware/StartSession.php(143): tap(Object(Illuminate/Session/Store), Object(Closure))
#15 C:/Users/Lenovo/OneDrive/Documents/AB Semester 8/Web Sinta/web-sinta/website-sinta/sinta-app/vendor/laravel/framework/src/Illuminate/Session/Middleware/StartSession.php(115): Illuminate/Session/Middleware/StartSession->startSession(Object(Illuminate/Http/Request), Object(Illuminate/Session/Store))
#16 C:/Users/Lenovo/OneDrive/Documents/AB Semester 8/Web Sinta/web-sinta/website-sinta/sinta-app/vendor/laravel/framework/src/Illuminate/Session/Middleware/StartSession.php(63): Illuminate/Session/Middleware/StartSession->handleStatefulRequest(Object(Illuminate/Http/Request), Object(Illuminate/Session/Store), Object(Closure))
#17 C:/Users/Lenovo/OneDrive/Documents/AB Semester 8/Web Sinta/web-sinta/website-sinta/sinta-app/vendor/laravel/framework/src/Illuminate/Pipeline/Pipeline.php(219): Illuminate/Session/Middleware/StartSession->handle(Object(Illuminate/Http/Request), Object(Closure))
#18 C:/Users/Lenovo/OneDrive/Documents/AB Semester 8/Web Sinta/web-sinta/website-sinta/sinta-app/vendor/laravel/framework/src/Illuminate/Cookie/Middleware/AddQueuedCookiesToResponse.php(36): Illuminate/Pipeline/Pipeline->Illuminate/Pipeline/{closure}(Object(Illuminate/Http/Request))
#19 C:/Users/Lenovo/OneDrive/Documents/AB Semester 8/Web Sinta/web-sinta/website-sinta/sinta-app/vendor/laravel/framework/src/Illuminate/Pipeline/Pipeline.php(219): Illuminate/Cookie/Middleware/AddQueuedCookiesToResponse->handle(Object(Illuminate/Http/Request), Object(Closure))
#20 C:/Users/Lenovo/OneDrive/Documents/AB Semester 8/Web Sinta/web-sinta/website-sinta/sinta-app/vendor/laravel/framework/src/Illuminate/Cookie/Middleware/EncryptCookies.php(74): Illuminate/Pipeline/Pipeline->Illuminate/Pipeline/{closure}(Object(Illuminate/Http/Request))
#21 C:/Users/Lenovo/OneDrive/Documents/AB Semester 8/Web Sinta/web-sinta/website-sinta/sinta-app/vendor/laravel/framework/src/Illuminate/Pipeline/Pipeline.php(219): Illuminate/Cookie/Middleware/EncryptCookies->handle(Object(Illuminate/Http/Request), Object(Closure))
#22 C:/Users/Lenovo/OneDrive/Documents/AB Semester 8/Web Sinta/web-sinta/website-sinta/sinta-app/vendor/laravel/framework/src/Illuminate/Pipeline/Pipeline.php(137): Illuminate/Pipeline/Pipeline->Illuminate/Pipeline/{closure}(Object(Illuminate/Http/Request))
#23 C:/Users/Lenovo/OneDrive/Documents/AB Semester 8/Web Sinta/web-sinta/website-sinta/sinta-app/vendor/laravel/framework/src/Illuminate/Routing/Router.php(821): Illuminate/Pipeline/Pipeline->then(Object(Closure))
#24 C:/Users/Lenovo/OneDrive/Documents/AB Semester 8/Web Sinta/web-sinta/website-sinta/sinta-app/vendor/laravel/framework/src/Illuminate/Routing/Router.php(800): Illuminate/Routing/Router->runRouteWithinStack(Object(Illuminate/Routing/Route), Object(Illuminate/Http/Request))
#25 C:/Users/Lenovo/OneDrive/Documents/AB Semester 8/Web Sinta/web-sinta/website-sinta/sinta-app/vendor/laravel/framework/src/Illuminate/Routing/Router.php(764): Illuminate/Routing/Router->runRoute(Object(Illuminate/Http/Request), Object(Illuminate/Routing/Route))
#26 C:/Users/Lenovo/OneDrive/Documents/AB Semester 8/Web Sinta/web-sinta/website-sinta/sinta-app/vendor/laravel/framework/src/Illuminate/Routing/Router.php(753): Illuminate/Routing/Router->dispatchToRoute(Object(Illuminate/Http/Request))
#27 C:/Users/Lenovo/OneDrive/Documents/AB Semester 8/Web Sinta/web-sinta/website-sinta/sinta-app/vendor/laravel/framework/src/Illuminate/Foundation/Http/Kernel.php(200): Illuminate/Routing/Router->dispatch(Object(Illuminate/Http/Request))
#28 C:/Users/Lenovo/OneDrive/Documents/AB Semester 8/Web Sinta/web-sinta/website-sinta/sinta-app/vendor/laravel/framework/src/Illuminate/Pipeline/Pipeline.php(180): Illuminate/Foundation/Http/Kernel->Illuminate/Foundation/Http/{closure}(Object(Illuminate/Http/Request))
#29 C:/Users/Lenovo/OneDrive/Documents/AB Semester 8/Web Sinta/web-sinta/website-sinta/sinta-app/vendor/laravel/framework/src/Illuminate/Foundation/Http/Middleware/TransformsRequest.php(21): Illuminate/Pipeline/Pipeline->Illuminate/Pipeline/{closure}(Object(Illuminate/Http/Request))
#30 C:/Users/Lenovo/OneDrive/Documents/AB Semester 8/Web Sinta/web-sinta/website-sinta/sinta-app/vendor/laravel/framework/src/Illuminate/Foundation/Http/Middleware/ConvertEmptyStringsToNull.php(31): Illuminate/Foundation/Http/Middleware/TransformsRequest->handle(Object(Illuminate/Http/Request), Object(Closure))
#31 C:/Users/Lenovo/OneDrive/Documents/AB Semester 8/Web Sinta/web-sinta/website-sinta/sinta-app/vendor/laravel/framework/src/Illuminate/Pipeline/Pipeline.php(219): Illuminate/Foundation/Http/Middleware/ConvertEmptyStringsToNull->handle(Object(Illuminate/Http/Request), Object(Closure))
#32 C:/Users/Lenovo/OneDrive/Documents/AB Semester 8/Web Sinta/web-sinta/website-sinta/sinta-app/vendor/laravel/framework/src/Illuminate/Foundation/Http/Middleware/TransformsRequest.php(21): Illuminate/Pipeline/Pipeline->Illuminate/Pipeline/{closure}(Object(Illuminate/Http/Request))
#33 C:/Users/Lenovo/OneDrive/Documents/AB Semester 8/Web Sinta/web-sinta/website-sinta/sinta-app/vendor/laravel/framework/src/Illuminate/Foundation/Http/Middleware/TrimStrings.php(51): Illuminate/Foundation/Http/Middleware/TransformsRequest->handle(Object(Illuminate/Http/Request), Object(Closure))
#34 C:/Users/Lenovo/OneDrive/Documents/AB Semester 8/Web Sinta/web-sinta/website-sinta/sinta-app/vendor/laravel/framework/src/Illuminate/Pipeline/Pipeline.php(219): Illuminate/Foundation/Http/Middleware/TrimStrings->handle(Object(Illuminate/Http/Request), Object(Closure))
#35 C:/Users/Lenovo/OneDrive/Documents/AB Semester 8/Web Sinta/web-sinta/website-sinta/sinta-app/vendor/laravel/framework/src/Illuminate/Http/Middleware/ValidatePostSize.php(27): Illuminate/Pipeline/Pipeline->Illuminate/Pipeline/{closure}(Object(Illuminate/Http/Request))
#36 C:/Users/Lenovo/OneDrive/Documents/AB Semester 8/Web Sinta/web-sinta/website-sinta/sinta-app/vendor/laravel/framework/src/Illuminate/Pipeline/Pipeline.php(219): Illuminate/Http/Middleware/ValidatePostSize->handle(Object(Illuminate/Http/Request), Object(Closure))
#37 C:/Users/Lenovo/OneDrive/Documents/AB Semester 8/Web Sinta/web-sinta/website-sinta/sinta-app/vendor/laravel/framework/src/Illuminate/Foundation/Http/Middleware/PreventRequestsDuringMaintenance.php(109): Illuminate/Pipeline/Pipeline->Illuminate/Pipeline/{closure}(Object(Illuminate/Http/Request))
#38 C:/Users/Lenovo/OneDrive/Documents/AB Semester 8/Web Sinta/web-sinta/website-sinta/sinta-app/vendor/laravel/framework/src/Illuminate/Pipeline/Pipeline.php(219): Illuminate/Foundation/Http/Middleware/PreventRequestsDuringMaintenance->handle(Object(Illuminate/Http/Request), Object(Closure))
#39 C:/Users/Lenovo/OneDrive/Documents/AB Semester 8/Web Sinta/web-sinta/website-sinta/sinta-app/vendor/laravel/framework/src/Illuminate/Http/Middleware/HandleCors.php(61): Illuminate/Pipeline/Pipeline->Illuminate/Pipeline/{closure}(Object(Illuminate/Http/Request))
#40 C:/Users/Lenovo/OneDrive/Documents/AB Semester 8/Web Sinta/web-sinta/website-sinta/sinta-app/vendor/laravel/framework/src/Illuminate/Pipeline/Pipeline.php(219): Illuminate/Http/Middleware/HandleCors->handle(Object(Illuminate/Http/Request), Object(Closure))
#41 C:/Users/Lenovo/OneDrive/Documents/AB Semester 8/Web Sinta/web-sinta/website-sinta/sinta-app/vendor/laravel/framework/src/Illuminate/Http/Middleware/TrustProxies.php(58): Illuminate/Pipeline/Pipeline->Illuminate/Pipeline/{closure}(Object(Illuminate/Http/Request))
#42 C:/Users/Lenovo/OneDrive/Documents/AB Semester 8/Web Sinta/web-sinta/website-sinta/sinta-app/vendor/laravel/framework/src/Illuminate/Pipeline/Pipeline.php(219): Illuminate/Http/Middleware/TrustProxies->handle(Object(Illuminate/Http/Request), Object(Closure))
#43 C:/Users/Lenovo/OneDrive/Documents/AB Semester 8/Web Sinta/web-sinta/website-sinta/sinta-app/vendor/laravel/framework/src/Illuminate/Foundation/Http/Middleware/InvokeDeferredCallbacks.php(22): Illuminate/Pipeline/Pipeline->Illuminate/Pipeline/{closure}(Object(Illuminate/Http/Request))
#44 C:/Users/Lenovo/OneDrive/Documents/AB Semester 8/Web Sinta/web-sinta/website-sinta/sinta-app/vendor/laravel/framework/src/Illuminate/Pipeline/Pipeline.php(219): Illuminate/Foundation/Http/Middleware/InvokeDeferredCallbacks->handle(Object(Illuminate/Http/Request), Object(Closure))
#45 C:/Users/Lenovo/OneDrive/Documents/AB Semester 8/Web Sinta/web-sinta/website-sinta/sinta-app/vendor/laravel/framework/src/Illuminate/Http/Middleware/ValidatePathEncoding.php(26): Illuminate/Pipeline/Pipeline->Illuminate/Pipeline/{closure}(Object(Illuminate/Http/Request))
#46 C:/Users/Lenovo/OneDrive/Documents/AB Semester 8/Web Sinta/web-sinta/website-sinta/sinta-app/vendor/laravel/framework/src/Illuminate/Pipeline/Pipeline.php(219): Illuminate/Http/Middleware/ValidatePathEncoding->handle(Object(Illuminate/Http/Request), Object(Closure))
#47 C:/Users/Lenovo/OneDrive/Documents/AB Semester 8/Web Sinta/web-sinta/website-sinta/sinta-app/vendor/laravel/framework/src/Illuminate/Pipeline/Pipeline.php(137): Illuminate/Pipeline/Pipeline->Illuminate/Pipeline/{closure}(Object(Illuminate/Http/Request))
#48 C:/Users/Lenovo/OneDrive/Documents/AB Semester 8/Web Sinta/web-sinta/website-sinta/sinta-app/vendor/laravel/framework/src/Illuminate/Foundation/Http/Kernel.php(175): Illuminate/Pipeline/Pipeline->then(Object(Closure))
#49 C:/Users/Lenovo/OneDrive/Documents/AB Semester 8/Web Sinta/web-sinta/website-sinta/sinta-app/vendor/laravel/framework/src/Illuminate/Foundation/Http/Kernel.php(144): Illuminate/Foundation/Http/Kernel->sendRequestThroughRouter(Object(Illuminate/Http/Request))
#50 C:/Users/Lenovo/OneDrive/Documents/AB Semester 8/Web Sinta/web-sinta/website-sinta/sinta-app/vendor/laravel/framework/src/Illuminate/Foundation/Application.php(1220): Illuminate/Foundation/Http/Kernel->handle(Object(Illuminate/Http/Request))
#51 C:/Users/Lenovo/OneDrive/Documents/AB Semester 8/Web Sinta/web-sinta/website-sinta/sinta-app/public/index.php(20): Illuminate/Foundation/Application->handleRequest(Object(Illuminate/Http/Request))
#52 C:/Users/Lenovo/OneDrive/Documents/AB Semester 8/Web Sinta/web-sinta/website-sinta/sinta-app/vendor/laravel/framework/src/Illuminate/Foundation/resources/server.php(23): require_once('C://Users//Lenovo...')
#53 {main}

[previous exception] [object] (Illuminate\\Database\\SQLiteDatabaseDoesNotExistException(code: 0): Database file at path [C:\\Users\\Lenovo\\OneDrive\\Documents\\AB Semester 8\\Web Sinta\\web-sinta\\website-sinta\\sinta-app\\database\\database.sqlite] does not exist. Ensure this is an absolute path to the database. at C:/Users/Lenovo/OneDrive/Documents/AB Semester 8/Web Sinta/web-sinta/website-sinta/sinta-app/vendor/laravel/framework/src/Illuminate/Database/Connectors/SQLiteConnector.php:60)
[stacktrace]
#0 C:/Users/Lenovo/OneDrive/Documents/AB Semester 8/Web Sinta/web-sinta/website-sinta/sinta-app/vendor/laravel/framework/src/Illuminate/Database/Connectors/SQLiteConnector.php(19): Illuminate/Database/Connectors/SQLiteConnector->parseDatabasePath(false)
#1 C:/Users/Lenovo/OneDrive/Documents/AB Semester 8/Web Sinta/web-sinta/website-sinta/sinta-app/vendor/laravel/framework/src/Illuminate/Database/Connectors/ConnectionFactory.php(225): Illuminate/Database/Connectors/SQLiteConnector->connect(Array)
#2 [internal function]: Illuminate/Database/Connectors/ConnectionFactory->Illuminate/Database/Connectors/{closure}()
#3 C:/Users/Lenovo/OneDrive/Documents/AB Semester 8/Web Sinta/web-sinta/website-sinta/sinta-app/vendor/laravel/framework/src/Illuminate/Database/Connection.php(1257): call_user_func(Object(Closure))
#4 C:/Users/Lenovo/OneDrive/Documents/AB Semester 8/Web Sinta/web-sinta/website-sinta/sinta-app/vendor/laravel/framework/src/Illuminate/Database/Connection.php(525): Illuminate/Database/Connection->getPdo()
#5 C:/Users/Lenovo/OneDrive/Documents/AB Semester 8/Web Sinta/web-sinta/website-sinta/sinta-app/vendor/laravel/framework/src/Illuminate/Database/Connection.php(420): Illuminate/Database/Connection->getPdoForSelect(false)
#6 C:/Users/Lenovo/OneDrive/Documents/AB Semester 8/Web Sinta/web-sinta/website-sinta/sinta-app/vendor/laravel/framework/src/Illuminate/Database/Connection.php(827): Illuminate/Database/Connection->Illuminate/Database/{closure}('select * from \"...', Array)
#7 C:/Users/Lenovo/OneDrive/Documents/AB Semester 8/Web Sinta/web-sinta/website-sinta/sinta-app/vendor/laravel/framework/src/Illuminate/Database/Connection.php(794): Illuminate/Database/Connection->runQueryCallback('select * from \"...', Array, Object(Closure))
#8 C:/Users/Lenovo/OneDrive/Documents/AB Semester 8/Web Sinta/web-sinta/website-sinta/sinta-app/vendor/laravel/framework/src/Illuminate/Database/Connection.php(411): Illuminate/Database/Connection->run('select * from \"...', Array, Object(Closure))
#9 C:/Users/Lenovo/OneDrive/Documents/AB Semester 8/Web Sinta/web-sinta/website-sinta/sinta-app/vendor/laravel/framework/src/Illuminate/Database/Query/Builder.php(3389): Illuminate/Database/Connection->select('select * from \"...', Array, false)
#10 C:/Users/Lenovo/OneDrive/Documents/AB Semester 8/Web Sinta/web-sinta/website-sinta/sinta-app/vendor/laravel/framework/src/Illuminate/Database/Query/Builder.php(3374): Illuminate/Database/Query/Builder->runSelect()
#11 C:/Users/Lenovo/OneDrive/Documents/AB Semester 8/Web Sinta/web-sinta/website-sinta/sinta-app/vendor/laravel/framework/src/Illuminate/Database/Query/Builder.php(3964): Illuminate/Database/Query/Builder->Illuminate/Database/Query/{closure}()
#12 C:/Users/Lenovo/OneDrive/Documents/AB Semester 8/Web Sinta/web-sinta/website-sinta/sinta-app/vendor/laravel/framework/src/Illuminate/Database/Query/Builder.php(3373): Illuminate/Database/Query/Builder->onceWithColumns(Array, Object(Closure))
#13 C:/Users/Lenovo/OneDrive/Documents/AB Semester 8/Web Sinta/web-sinta/website-sinta/sinta-app/vendor/laravel/framework/src/Illuminate/Database/Concerns/BuildsQueries.php(366): Illuminate/Database/Query/Builder->get(Array)
#14 C:/Users/Lenovo/OneDrive/Documents/AB Semester 8/Web Sinta/web-sinta/website-sinta/sinta-app/vendor/laravel/framework/src/Illuminate/Database/Query/Builder.php(3296): Illuminate/Database/Query/Builder->first(Array)
#15 C:/Users/Lenovo/OneDrive/Documents/AB Semester 8/Web Sinta/web-sinta/website-sinta/sinta-app/vendor/laravel/framework/src/Illuminate/Session/DatabaseSessionHandler.php(96): Illuminate/Database/Query/Builder->find('NYJXxl0x8yiBbQj...')
#16 C:/Users/Lenovo/OneDrive/Documents/AB Semester 8/Web Sinta/web-sinta/website-sinta/sinta-app/vendor/laravel/framework/src/Illuminate/Session/Store.php(128): Illuminate/Session/DatabaseSessionHandler->read('NYJXxl0x8yiBbQj...')
#17 C:/Users/Lenovo/OneDrive/Documents/AB Semester 8/Web Sinta/web-sinta/website-sinta/sinta-app/vendor/laravel/framework/src/Illuminate/Session/Store.php(116): Illuminate/Session/Store->readFromHandler()
#18 C:/Users/Lenovo/OneDrive/Documents/AB Semester 8/Web Sinta/web-sinta/website-sinta/sinta-app/vendor/laravel/framework/src/Illuminate/Session/Store.php(100): Illuminate/Session/Store->loadSession()
#19 C:/Users/Lenovo/OneDrive/Documents/AB Semester 8/Web Sinta/web-sinta/website-sinta/sinta-app/vendor/laravel/framework/src/Illuminate/Session/Middleware/StartSession.php(146): Illuminate/Session/Store->start()
#20 C:/Users/Lenovo/OneDrive/Documents/AB Semester 8/Web Sinta/web-sinta/website-sinta/sinta-app/vendor/laravel/framework/src/Illuminate/Support/helpers.php(390): Illuminate/Session/Middleware/StartSession->Illuminate/Session/Middleware/{closure}(Object(Illuminate/Session/Store))
#21 C:/Users/Lenovo/OneDrive/Documents/AB Semester 8/Web Sinta/web-sinta/website-sinta/sinta-app/vendor/laravel/framework/src/Illuminate/Session/Middleware/StartSession.php(143): tap(Object(Illuminate/Session/Store), Object(Closure))
#22 C:/Users/Lenovo/OneDrive/Documents/AB Semester 8/Web Sinta/web-sinta/website-sinta/sinta-app/vendor/laravel/framework/src/Illuminate/Session/Middleware/StartSession.php(115): Illuminate/Session/Middleware/StartSession->startSession(Object(Illuminate/Http/Request), Object(Illuminate/Session/Store))
#23 C:/Users/Lenovo/OneDrive/Documents/AB Semester 8/Web Sinta/web-sinta/website-sinta/sinta-app/vendor/laravel/framework/src/Illuminate/Session/Middleware/StartSession.php(63): Illuminate/Session/Middleware/StartSession->handleStatefulRequest(Object(Illuminate/Http/Request), Object(Illuminate/Session/Store), Object(Closure))
#24 C:/Users/Lenovo/OneDrive/Documents/AB Semester 8/Web Sinta/web-sinta/website-sinta/sinta-app/vendor/laravel/framework/src/Illuminate/Pipeline/Pipeline.php(219): Illuminate/Session/Middleware/StartSession->handle(Object(Illuminate/Http/Request), Object(Closure))
#25 C:/Users/Lenovo/OneDrive/Documents/AB Semester 8/Web Sinta/web-sinta/website-sinta/sinta-app/vendor/laravel/framework/src/Illuminate/Cookie/Middleware/AddQueuedCookiesToResponse.php(36): Illuminate/Pipeline/Pipeline->Illuminate/Pipeline/{closure}(Object(Illuminate/Http/Request))
#26 C:/Users/Lenovo/OneDrive/Documents/AB Semester 8/Web Sinta/web-sinta/website-sinta/sinta-app/vendor/laravel/framework/src/Illuminate/Pipeline/Pipeline.php(219): Illuminate/Cookie/Middleware/AddQueuedCookiesToResponse->handle(Object(Illuminate/Http/Request), Object(Closure))
#27 C:/Users/Lenovo/OneDrive/Documents/AB Semester 8/Web Sinta/web-sinta/website-sinta/sinta-app/vendor/laravel/framework/src/Illuminate/Cookie/Middleware/EncryptCookies.php(74): Illuminate/Pipeline/Pipeline->Illuminate/Pipeline/{closure}(Object(Illuminate/Http/Request))
#28 C:/Users/Lenovo/OneDrive/Documents/AB Semester 8/Web Sinta/web-sinta/website-sinta/sinta-app/vendor/laravel/framework/src/Illuminate/Pipeline/Pipeline.php(219): Illuminate/Cookie/Middleware/EncryptCookies->handle(Object(Illuminate/Http/Request), Object(Closure))
#29 C:/Users/Lenovo/OneDrive/Documents/AB Semester 8/Web Sinta/web-sinta/website-sinta/sinta-app/vendor/laravel/framework/src/Illuminate/Pipeline/Pipeline.php(137): Illuminate/Pipeline/Pipeline->Illuminate/Pipeline/{closure}(Object(Illuminate/Http/Request))
#30 C:/Users/Lenovo/OneDrive/Documents/AB Semester 8/Web Sinta/web-sinta/website-sinta/sinta-app/vendor/laravel/framework/src/Illuminate/Routing/Router.php(821): Illuminate/Pipeline/Pipeline->then(Object(Closure))
#31 C:/Users/Lenovo/OneDrive/Documents/AB Semester 8/Web Sinta/web-sinta/website-sinta/sinta-app/vendor/laravel/framework/src/Illuminate/Routing/Router.php(800): Illuminate/Routing/Router->runRouteWithinStack(Object(Illuminate/Routing/Route), Object(Illuminate/Http/Request))
#32 C:/Users/Lenovo/OneDrive/Documents/AB Semester 8/Web Sinta/web-sinta/website-sinta/sinta-app/vendor/laravel/framework/src/Illuminate/Routing/Router.php(764): Illuminate/Routing/Router->runRoute(Object(Illuminate/Http/Request), Object(Illuminate/Routing/Route))
#33 C:/Users/Lenovo/OneDrive/Documents/AB Semester 8/Web Sinta/web-sinta/website-sinta/sinta-app/vendor/laravel/framework/src/Illuminate/Routing/Router.php(753): Illuminate/Routing/Router->dispatchToRoute(Object(Illuminate/Http/Request))
#34 C:/Users/Lenovo/OneDrive/Documents/AB Semester 8/Web Sinta/web-sinta/website-sinta/sinta-app/vendor/laravel/framework/src/Illuminate/Foundation/Http/Kernel.php(200): Illuminate/Routing/Router->dispatch(Object(Illuminate/Http/Request))
#35 C:/Users/Lenovo/OneDrive/Documents/AB Semester 8/Web Sinta/web-sinta/website-sinta/sinta-app/vendor/laravel/framework/src/Illuminate/Pipeline/Pipeline.php(180): Illuminate/Foundation/Http/Kernel->Illuminate/Foundation/Http/{closure}(Object(Illuminate/Http/Request))
#36 C:/Users/Lenovo/OneDrive/Documents/AB Semester 8/Web Sinta/web-sinta/website-sinta/sinta-app/vendor/laravel/framework/src/Illuminate/Foundation/Http/Middleware/TransformsRequest.php(21): Illuminate/Pipeline/Pipeline->Illuminate/Pipeline/{closure}(Object(Illuminate/Http/Request))
#37 C:/Users/Lenovo/OneDrive/Documents/AB Semester 8/Web Sinta/web-sinta/website-sinta/sinta-app/vendor/laravel/framework/src/Illuminate/Foundation/Http/Middleware/ConvertEmptyStringsToNull.php(31): Illuminate/Foundation/Http/Middleware/TransformsRequest->handle(Object(Illuminate/Http/Request), Object(Closure))
#38 C:/Users/Lenovo/OneDrive/Documents/AB Semester 8/Web Sinta/web-sinta/website-sinta/sinta-app/vendor/laravel/framework/src/Illuminate/Pipeline/Pipeline.php(219): Illuminate/Foundation/Http/Middleware/ConvertEmptyStringsToNull->handle(Object(Illuminate/Http/Request), Object(Closure))
#39 C:/Users/Lenovo/OneDrive/Documents/AB Semester 8/Web Sinta/web-sinta/website-sinta/sinta-app/vendor/laravel/framework/src/Illuminate/Foundation/Http/Middleware/TransformsRequest.php(21): Illuminate/Pipeline/Pipeline->Illuminate/Pipeline/{closure}(Object(Illuminate/Http/Request))
#40 C:/Users/Lenovo/OneDrive/Documents/AB Semester 8/Web Sinta/web-sinta/website-sinta/sinta-app/vendor/laravel/framework/src/Illuminate/Foundation/Http/Middleware/TrimStrings.php(51): Illuminate/Foundation/Http/Middleware/TransformsRequest->handle(Object(Illuminate/Http/Request), Object(Closure))
#41 C:/Users/Lenovo/OneDrive/Documents/AB Semester 8/Web Sinta/web-sinta/website-sinta/sinta-app/vendor/laravel/framework/src/Illuminate/Pipeline/Pipeline.php(219): Illuminate/Foundation/Http/Middleware/TrimStrings->handle(Object(Illuminate/Http/Request), Object(Closure))
#42 C:/Users/Lenovo/OneDrive/Documents/AB Semester 8/Web Sinta/web-sinta/website-sinta/sinta-app/vendor/laravel/framework/src/Illuminate/Http/Middleware/ValidatePostSize.php(27): Illuminate/Pipeline/Pipeline->Illuminate/Pipeline/{closure}(Object(Illuminate/Http/Request))
#43 C:/Users/Lenovo/OneDrive/Documents/AB Semester 8/Web Sinta/web-sinta/website-sinta/sinta-app/vendor/laravel/framework/src/Illuminate/Pipeline/Pipeline.php(219): Illuminate/Http/Middleware/ValidatePostSize->handle(Object(Illuminate/Http/Request), Object(Closure))
#44 C:/Users/Lenovo/OneDrive/Documents/AB Semester 8/Web Sinta/web-sinta/website-sinta/sinta-app/vendor/laravel/framework/src/Illuminate/Foundation/Http/Middleware/PreventRequestsDuringMaintenance.php(109): Illuminate/Pipeline/Pipeline->Illuminate/Pipeline/{closure}(Object(Illuminate/Http/Request))
#45 C:/Users/Lenovo/OneDrive/Documents/AB Semester 8/Web Sinta/web-sinta/website-sinta/sinta-app/vendor/laravel/framework/src/Illuminate/Pipeline/Pipeline.php(219): Illuminate/Foundation/Http/Middleware/PreventRequestsDuringMaintenance->handle(Object(Illuminate/Http/Request), Object(Closure))
#46 C:/Users/Lenovo/OneDrive/Documents/AB Semester 8/Web Sinta/web-sinta/website-sinta/sinta-app/vendor/laravel/framework/src/Illuminate/Http/Middleware/HandleCors.php(61): Illuminate/Pipeline/Pipeline->Illuminate/Pipeline/{closure}(Object(Illuminate/Http/Request))
#47 C:/Users/Lenovo/OneDrive/Documents/AB Semester 8/Web Sinta/web-sinta/website-sinta/sinta-app/vendor/laravel/framework/src/Illuminate/Pipeline/Pipeline.php(219): Illuminate/Http/Middleware/HandleCors->handle(Object(Illuminate/Http/Request), Object(Closure))
#48 C:/Users/Lenovo/OneDrive/Documents/AB Semester 8/Web Sinta/web-sinta/website-sinta/sinta-app/vendor/laravel/framework/src/Illuminate/Http/Middleware/TrustProxies.php(58): Illuminate/Pipeline/Pipeline->Illuminate/Pipeline/{closure}(Object(Illuminate/Http/Request))
#49 C:/Users/Lenovo/OneDrive/Documents/AB Semester 8/Web Sinta/web-sinta/website-sinta/sinta-app/vendor/laravel/framework/src/Illuminate/Pipeline/Pipeline.php(219): Illuminate/Http/Middleware/TrustProxies->handle(Object(Illuminate/Http/Request), Object(Closure))
#50 C:/Users/Lenovo/OneDrive/Documents/AB Semester 8/Web Sinta/web-sinta/website-sinta/sinta-app/vendor/laravel/framework/src/Illuminate/Foundation/Http/Middleware/InvokeDeferredCallbacks.php(22): Illuminate/Pipeline/Pipeline->Illuminate/Pipeline/{closure}(Object(Illuminate/Http/Request))
#51 C:/Users/Lenovo/OneDrive/Documents/AB Semester 8/Web Sinta/web-sinta/website-sinta/sinta-app/vendor/laravel/framework/src/Illuminate/Pipeline/Pipeline.php(219): Illuminate/Foundation/Http/Middleware/InvokeDeferredCallbacks->handle(Object(Illuminate/Http/Request), Object(Closure))
#52 C:/Users/Lenovo/OneDrive/Documents/AB Semester 8/Web Sinta/web-sinta/website-sinta/sinta-app/vendor/laravel/framework/src/Illuminate/Http/Middleware/ValidatePathEncoding.php(26): Illuminate/Pipeline/Pipeline->Illuminate/Pipeline/{closure}(Object(Illuminate/Http/Request))
#53 C:/Users/Lenovo/OneDrive/Documents/AB Semester 8/Web Sinta/web-sinta/website-sinta/sinta-app/vendor/laravel/framework/src/Illuminate/Pipeline/Pipeline.php(219): Illuminate/Http/Middleware/ValidatePathEncoding->handle(Object(Illuminate/Http/Request), Object(Closure))
#54 C:/Users/Lenovo/OneDrive/Documents/AB Semester 8/Web Sinta/web-sinta/website-sinta/sinta-app/vendor/laravel/framework/src/Illuminate/Pipeline/Pipeline.php(137): Illuminate/Pipeline/Pipeline->Illuminate/Pipeline/{closure}(Object(Illuminate/Http/Request))
#55 C:/Users/Lenovo/OneDrive/Documents/AB Semester 8/Web Sinta/web-sinta/website-sinta/sinta-app/vendor/laravel/framework/src/Illuminate/Foundation/Http/Kernel.php(175): Illuminate/Pipeline/Pipeline->then(Object(Closure))
#56 C:/Users/Lenovo/OneDrive/Documents/AB Semester 8/Web Sinta/web-sinta/website-sinta/sinta-app/vendor/laravel/framework/src/Illuminate/Foundation/Http/Kernel.php(144): Illuminate/Foundation/Http/Kernel->sendRequestThroughRouter(Object(Illuminate/Http/Request))
#57 C:/Users/Lenovo/OneDrive/Documents/AB Semester 8/Web Sinta/web-sinta/website-sinta/sinta-app/vendor/laravel/framework/src/Illuminate/Foundation/Application.php(1220): Illuminate/Foundation/Http/Kernel->handle(Object(Illuminate/Http/Request))
#58 C:/Users/Lenovo/OneDrive/Documents/AB Semester 8/Web Sinta/web-sinta/website-sinta/sinta-app/public/index.php(20): Illuminate/Foundation/Application->handleRequest(Object(Illuminate/Http/Request))
#59 C:/Users/Lenovo/OneDrive/Documents/AB Semester 8/Web Sinta/web-sinta/website-sinta/sinta-app/vendor/laravel/framework/src/Illuminate/Foundation/resources/server.php(23): require_once('C://Users//Lenovo...')
#60 {main}
"} 
[2026-02-06 04:42:55] local.ERROR: SQLSTATE[42S02]: Base table or view not found: 1146 Table 'db_sinta.sessions' doesn't exist (Connection: mysql, Host: 127.0.0.1, Port: 3306, Database: db_sinta, SQL: select * from `sessions` where `id` = WrImmgzMQeBR6yD6uoHliAy23iwR33j8Kyi8L0vt limit 1) {"exception":"[object] (Illuminate\\Database\\QueryException(code: 42S02): SQLSTATE[42S02]: Base table or view not found: 1146 Table 'db_sinta.sessions' doesn't exist (Connection: mysql, Host: 127.0.0.1, Port: 3306, Database: db_sinta, SQL: select * from `sessions` where `id` = WrImmgzMQeBR6yD6uoHliAy23iwR33j8Kyi8L0vt limit 1) at C:/Users/Lenovo/OneDrive/Documents/AB Semester 8/Web Sinta/web-sinta/website-sinta/sinta-app/vendor/laravel/framework/src/Illuminate/Database/Connection.php:838)
[stacktrace]
#0 C:/Users/Lenovo/OneDrive/Documents/AB Semester 8/Web Sinta/web-sinta/website-sinta/sinta-app/vendor/laravel/framework/src/Illuminate/Database/Connection.php(794): Illuminate/Database/Connection->runQueryCallback('select * from `...', Array, Object(Closure))
#1 C:/Users/Lenovo/OneDrive/Documents/AB Semester 8/Web Sinta/web-sinta/website-sinta/sinta-app/vendor/laravel/framework/src/Illuminate/Database/Connection.php(411): Illuminate/Database/Connection->run('select * from `...', Array, Object(Closure))
#2 C:/Users/Lenovo/OneDrive/Documents/AB Semester 8/Web Sinta/web-sinta/website-sinta/sinta-app/vendor/laravel/framework/src/Illuminate/Database/Query/Builder.php(3389): Illuminate/Database/Connection->select('select * from `...', Array, false)
#3 C:/Users/Lenovo/OneDrive/Documents/AB Semester 8/Web Sinta/web-sinta/website-sinta/sinta-app/vendor/laravel/framework/src/Illuminate/Database/Query/Builder.php(3374): Illuminate/Database/Query/Builder->runSelect()
#4 C:/Users/Lenovo/OneDrive/Documents/AB Semester 8/Web Sinta/web-sinta/website-sinta/sinta-app/vendor/laravel/framework/src/Illuminate/Database/Query/Builder.php(3964): Illuminate/Database/Query/Builder->Illuminate/Database/Query/{closure}()
#5 C:/Users/Lenovo/OneDrive/Documents/AB Semester 8/Web Sinta/web-sinta/website-sinta/sinta-app/vendor/laravel/framework/src/Illuminate/Database/Query/Builder.php(3373): Illuminate/Database/Query/Builder->onceWithColumns(Array, Object(Closure))
#6 C:/Users/Lenovo/OneDrive/Documents/AB Semester 8/Web Sinta/web-sinta/website-sinta/sinta-app/vendor/laravel/framework/src/Illuminate/Database/Concerns/BuildsQueries.php(366): Illuminate/Database/Query/Builder->get(Array)
#7 C:/Users/Lenovo/OneDrive/Documents/AB Semester 8/Web Sinta/web-sinta/website-sinta/sinta-app/vendor/laravel/framework/src/Illuminate/Database/Query/Builder.php(3296): Illuminate/Database/Query/Builder->first(Array)
#8 C:/Users/Lenovo/OneDrive/Documents/AB Semester 8/Web Sinta/web-sinta/website-sinta/sinta-app/vendor/laravel/framework/src/Illuminate/Session/DatabaseSessionHandler.php(96): Illuminate/Database/Query/Builder->find('WrImmgzMQeBR6yD...')
#9 C:/Users/Lenovo/OneDrive/Documents/AB Semester 8/Web Sinta/web-sinta/website-sinta/sinta-app/vendor/laravel/framework/src/Illuminate/Session/Store.php(128): Illuminate/Session/DatabaseSessionHandler->read('WrImmgzMQeBR6yD...')
#10 C:/Users/Lenovo/OneDrive/Documents/AB Semester 8/Web Sinta/web-sinta/website-sinta/sinta-app/vendor/laravel/framework/src/Illuminate/Session/Store.php(116): Illuminate/Session/Store->readFromHandler()
#11 C:/Users/Lenovo/OneDrive/Documents/AB Semester 8/Web Sinta/web-sinta/website-sinta/sinta-app/vendor/laravel/framework/src/Illuminate/Session/Store.php(100): Illuminate/Session/Store->loadSession()
#12 C:/Users/Lenovo/OneDrive/Documents/AB Semester 8/Web Sinta/web-sinta/website-sinta/sinta-app/vendor/laravel/framework/src/Illuminate/Session/Middleware/StartSession.php(146): Illuminate/Session/Store->start()
#13 C:/Users/Lenovo/OneDrive/Documents/AB Semester 8/Web Sinta/web-sinta/website-sinta/sinta-app/vendor/laravel/framework/src/Illuminate/Support/helpers.php(390): Illuminate/Session/Middleware/StartSession->Illuminate/Session/Middleware/{closure}(Object(Illuminate/Session/Store))
#14 C:/Users/Lenovo/OneDrive/Documents/AB Semester 8/Web Sinta/web-sinta/website-sinta/sinta-app/vendor/laravel/framework/src/Illuminate/Session/Middleware/StartSession.php(143): tap(Object(Illuminate/Session/Store), Object(Closure))
#15 C:/Users/Lenovo/OneDrive/Documents/AB Semester 8/Web Sinta/web-sinta/website-sinta/sinta-app/vendor/laravel/framework/src/Illuminate/Session/Middleware/StartSession.php(115): Illuminate/Session/Middleware/StartSession->startSession(Object(Illuminate/Http/Request), Object(Illuminate/Session/Store))
#16 C:/Users/Lenovo/OneDrive/Documents/AB Semester 8/Web Sinta/web-sinta/website-sinta/sinta-app/vendor/laravel/framework/src/Illuminate/Session/Middleware/StartSession.php(63): Illuminate/Session/Middleware/StartSession->handleStatefulRequest(Object(Illuminate/Http/Request), Object(Illuminate/Session/Store), Object(Closure))
#17 C:/Users/Lenovo/OneDrive/Documents/AB Semester 8/Web Sinta/web-sinta/website-sinta/sinta-app/vendor/laravel/framework/src/Illuminate/Pipeline/Pipeline.php(219): Illuminate/Session/Middleware/StartSession->handle(Object(Illuminate/Http/Request), Object(Closure))
#18 C:/Users/Lenovo/OneDrive/Documents/AB Semester 8/Web Sinta/web-sinta/website-sinta/sinta-app/vendor/laravel/framework/src/Illuminate/Cookie/Middleware/AddQueuedCookiesToResponse.php(36): Illuminate/Pipeline/Pipeline->Illuminate/Pipeline/{closure}(Object(Illuminate/Http/Request))
#19 C:/Users/Lenovo/OneDrive/Documents/AB Semester 8/Web Sinta/web-sinta/website-sinta/sinta-app/vendor/laravel/framework/src/Illuminate/Pipeline/Pipeline.php(219): Illuminate/Cookie/Middleware/AddQueuedCookiesToResponse->handle(Object(Illuminate/Http/Request), Object(Closure))
#20 C:/Users/Lenovo/OneDrive/Documents/AB Semester 8/Web Sinta/web-sinta/website-sinta/sinta-app/vendor/laravel/framework/src/Illuminate/Cookie/Middleware/EncryptCookies.php(74): Illuminate/Pipeline/Pipeline->Illuminate/Pipeline/{closure}(Object(Illuminate/Http/Request))
#21 C:/Users/Lenovo/OneDrive/Documents/AB Semester 8/Web Sinta/web-sinta/website-sinta/sinta-app/vendor/laravel/framework/src/Illuminate/Pipeline/Pipeline.php(219): Illuminate/Cookie/Middleware/EncryptCookies->handle(Object(Illuminate/Http/Request), Object(Closure))
#22 C:/Users/Lenovo/OneDrive/Documents/AB Semester 8/Web Sinta/web-sinta/website-sinta/sinta-app/vendor/laravel/framework/src/Illuminate/Pipeline/Pipeline.php(137): Illuminate/Pipeline/Pipeline->Illuminate/Pipeline/{closure}(Object(Illuminate/Http/Request))
#23 C:/Users/Lenovo/OneDrive/Documents/AB Semester 8/Web Sinta/web-sinta/website-sinta/sinta-app/vendor/laravel/framework/src/Illuminate/Routing/Router.php(821): Illuminate/Pipeline/Pipeline->then(Object(Closure))
#24 C:/Users/Lenovo/OneDrive/Documents/AB Semester 8/Web Sinta/web-sinta/website-sinta/sinta-app/vendor/laravel/framework/src/Illuminate/Routing/Router.php(800): Illuminate/Routing/Router->runRouteWithinStack(Object(Illuminate/Routing/Route), Object(Illuminate/Http/Request))
#25 C:/Users/Lenovo/OneDrive/Documents/AB Semester 8/Web Sinta/web-sinta/website-sinta/sinta-app/vendor/laravel/framework/src/Illuminate/Routing/Router.php(764): Illuminate/Routing/Router->runRoute(Object(Illuminate/Http/Request), Object(Illuminate/Routing/Route))
#26 C:/Users/Lenovo/OneDrive/Documents/AB Semester 8/Web Sinta/web-sinta/website-sinta/sinta-app/vendor/laravel/framework/src/Illuminate/Routing/Router.php(753): Illuminate/Routing/Router->dispatchToRoute(Object(Illuminate/Http/Request))
#27 C:/Users/Lenovo/OneDrive/Documents/AB Semester 8/Web Sinta/web-sinta/website-sinta/sinta-app/vendor/laravel/framework/src/Illuminate/Foundation/Http/Kernel.php(200): Illuminate/Routing/Router->dispatch(Object(Illuminate/Http/Request))
#28 C:/Users/Lenovo/OneDrive/Documents/AB Semester 8/Web Sinta/web-sinta/website-sinta/sinta-app/vendor/laravel/framework/src/Illuminate/Pipeline/Pipeline.php(180): Illuminate/Foundation/Http/Kernel->Illuminate/Foundation/Http/{closure}(Object(Illuminate/Http/Request))
#29 C:/Users/Lenovo/OneDrive/Documents/AB Semester 8/Web Sinta/web-sinta/website-sinta/sinta-app/vendor/laravel/framework/src/Illuminate/Foundation/Http/Middleware/TransformsRequest.php(21): Illuminate/Pipeline/Pipeline->Illuminate/Pipeline/{closure}(Object(Illuminate/Http/Request))
#30 C:/Users/Lenovo/OneDrive/Documents/AB Semester 8/Web Sinta/web-sinta/website-sinta/sinta-app/vendor/laravel/framework/src/Illuminate/Foundation/Http/Middleware/ConvertEmptyStringsToNull.php(31): Illuminate/Foundation/Http/Middleware/TransformsRequest->handle(Object(Illuminate/Http/Request), Object(Closure))
#31 C:/Users/Lenovo/OneDrive/Documents/AB Semester 8/Web Sinta/web-sinta/website-sinta/sinta-app/vendor/laravel/framework/src/Illuminate/Pipeline/Pipeline.php(219): Illuminate/Foundation/Http/Middleware/ConvertEmptyStringsToNull->handle(Object(Illuminate/Http/Request), Object(Closure))
#32 C:/Users/Lenovo/OneDrive/Documents/AB Semester 8/Web Sinta/web-sinta/website-sinta/sinta-app/vendor/laravel/framework/src/Illuminate/Foundation/Http/Middleware/TransformsRequest.php(21): Illuminate/Pipeline/Pipeline->Illuminate/Pipeline/{closure}(Object(Illuminate/Http/Request))
#33 C:/Users/Lenovo/OneDrive/Documents/AB Semester 8/Web Sinta/web-sinta/website-sinta/sinta-app/vendor/laravel/framework/src/Illuminate/Foundation/Http/Middleware/TrimStrings.php(51): Illuminate/Foundation/Http/Middleware/TransformsRequest->handle(Object(Illuminate/Http/Request), Object(Closure))
#34 C:/Users/Lenovo/OneDrive/Documents/AB Semester 8/Web Sinta/web-sinta/website-sinta/sinta-app/vendor/laravel/framework/src/Illuminate/Pipeline/Pipeline.php(219): Illuminate/Foundation/Http/Middleware/TrimStrings->handle(Object(Illuminate/Http/Request), Object(Closure))
#35 C:/Users/Lenovo/OneDrive/Documents/AB Semester 8/Web Sinta/web-sinta/website-sinta/sinta-app/vendor/laravel/framework/src/Illuminate/Http/Middleware/ValidatePostSize.php(27): Illuminate/Pipeline/Pipeline->Illuminate/Pipeline/{closure}(Object(Illuminate/Http/Request))
#36 C:/Users/Lenovo/OneDrive/Documents/AB Semester 8/Web Sinta/web-sinta/website-sinta/sinta-app/vendor/laravel/framework/src/Illuminate/Pipeline/Pipeline.php(219): Illuminate/Http/Middleware/ValidatePostSize->handle(Object(Illuminate/Http/Request), Object(Closure))
#37 C:/Users/Lenovo/OneDrive/Documents/AB Semester 8/Web Sinta/web-sinta/website-sinta/sinta-app/vendor/laravel/framework/src/Illuminate/Foundation/Http/Middleware/PreventRequestsDuringMaintenance.php(109): Illuminate/Pipeline/Pipeline->Illuminate/Pipeline/{closure}(Object(Illuminate/Http/Request))
#38 C:/Users/Lenovo/OneDrive/Documents/AB Semester 8/Web Sinta/web-sinta/website-sinta/sinta-app/vendor/laravel/framework/src/Illuminate/Pipeline/Pipeline.php(219): Illuminate/Foundation/Http/Middleware/PreventRequestsDuringMaintenance->handle(Object(Illuminate/Http/Request), Object(Closure))
#39 C:/Users/Lenovo/OneDrive/Documents/AB Semester 8/Web Sinta/web-sinta/website-sinta/sinta-app/vendor/laravel/framework/src/Illuminate/Http/Middleware/HandleCors.php(61): Illuminate/Pipeline/Pipeline->Illuminate/Pipeline/{closure}(Object(Illuminate/Http/Request))
#40 C:/Users/Lenovo/OneDrive/Documents/AB Semester 8/Web Sinta/web-sinta/website-sinta/sinta-app/vendor/laravel/framework/src/Illuminate/Pipeline/Pipeline.php(219): Illuminate/Http/Middleware/HandleCors->handle(Object(Illuminate/Http/Request), Object(Closure))
#41 C:/Users/Lenovo/OneDrive/Documents/AB Semester 8/Web Sinta/web-sinta/website-sinta/sinta-app/vendor/laravel/framework/src/Illuminate/Http/Middleware/TrustProxies.php(58): Illuminate/Pipeline/Pipeline->Illuminate/Pipeline/{closure}(Object(Illuminate/Http/Request))
#42 C:/Users/Lenovo/OneDrive/Documents/AB Semester 8/Web Sinta/web-sinta/website-sinta/sinta-app/vendor/laravel/framework/src/Illuminate/Pipeline/Pipeline.php(219): Illuminate/Http/Middleware/TrustProxies->handle(Object(Illuminate/Http/Request), Object(Closure))
#43 C:/Users/Lenovo/OneDrive/Documents/AB Semester 8/Web Sinta/web-sinta/website-sinta/sinta-app/vendor/laravel/framework/src/Illuminate/Foundation/Http/Middleware/InvokeDeferredCallbacks.php(22): Illuminate/Pipeline/Pipeline->Illuminate/Pipeline/{closure}(Object(Illuminate/Http/Request))
#44 C:/Users/Lenovo/OneDrive/Documents/AB Semester 8/Web Sinta/web-sinta/website-sinta/sinta-app/vendor/laravel/framework/src/Illuminate/Pipeline/Pipeline.php(219): Illuminate/Foundation/Http/Middleware/InvokeDeferredCallbacks->handle(Object(Illuminate/Http/Request), Object(Closure))
#45 C:/Users/Lenovo/OneDrive/Documents/AB Semester 8/Web Sinta/web-sinta/website-sinta/sinta-app/vendor/laravel/framework/src/Illuminate/Http/Middleware/ValidatePathEncoding.php(26): Illuminate/Pipeline/Pipeline->Illuminate/Pipeline/{closure}(Object(Illuminate/Http/Request))
#46 C:/Users/Lenovo/OneDrive/Documents/AB Semester 8/Web Sinta/web-sinta/website-sinta/sinta-app/vendor/laravel/framework/src/Illuminate/Pipeline/Pipeline.php(219): Illuminate/Http/Middleware/ValidatePathEncoding->handle(Object(Illuminate/Http/Request), Object(Closure))
#47 C:/Users/Lenovo/OneDrive/Documents/AB Semester 8/Web Sinta/web-sinta/website-sinta/sinta-app/vendor/laravel/framework/src/Illuminate/Pipeline/Pipeline.php(137): Illuminate/Pipeline/Pipeline->Illuminate/Pipeline/{closure}(Object(Illuminate/Http/Request))
#48 C:/Users/Lenovo/OneDrive/Documents/AB Semester 8/Web Sinta/web-sinta/website-sinta/sinta-app/vendor/laravel/framework/src/Illuminate/Foundation/Http/Kernel.php(175): Illuminate/Pipeline/Pipeline->then(Object(Closure))
#49 C:/Users/Lenovo/OneDrive/Documents/AB Semester 8/Web Sinta/web-sinta/website-sinta/sinta-app/vendor/laravel/framework/src/Illuminate/Foundation/Http/Kernel.php(144): Illuminate/Foundation/Http/Kernel->sendRequestThroughRouter(Object(Illuminate/Http/Request))
#50 C:/Users/Lenovo/OneDrive/Documents/AB Semester 8/Web Sinta/web-sinta/website-sinta/sinta-app/vendor/laravel/framework/src/Illuminate/Foundation/Application.php(1220): Illuminate/Foundation/Http/Kernel->handle(Object(Illuminate/Http/Request))
#51 C:/Users/Lenovo/OneDrive/Documents/AB Semester 8/Web Sinta/web-sinta/website-sinta/sinta-app/public/index.php(20): Illuminate/Foundation/Application->handleRequest(Object(Illuminate/Http/Request))
#52 C:/Users/Lenovo/OneDrive/Documents/AB Semester 8/Web Sinta/web-sinta/website-sinta/sinta-app/vendor/laravel/framework/src/Illuminate/Foundation/resources/server.php(23): require_once('C://Users//Lenovo...')
#53 {main}

[previous exception] [object] (PDOException(code: 42S02): SQLSTATE[42S02]: Base table or view not found: 1146 Table 'db_sinta.sessions' doesn't exist at C:/Users/Lenovo/OneDrive/Documents/AB Semester 8/Web Sinta/web-sinta/website-sinta/sinta-app/vendor/laravel/framework/src/Illuminate/Database/Connection.php:420)
[stacktrace]
#0 C:/Users/Lenovo/OneDrive/Documents/AB Semester 8/Web Sinta/web-sinta/website-sinta/sinta-app/vendor/laravel/framework/src/Illuminate/Database/Connection.php(420): PDO->prepare('select * from `...')
#1 C:/Users/Lenovo/OneDrive/Documents/AB Semester 8/Web Sinta/web-sinta/website-sinta/sinta-app/vendor/laravel/framework/src/Illuminate/Database/Connection.php(827): Illuminate/Database/Connection->Illuminate/Database/{closure}('select * from `...', Array)
#2 C:/Users/Lenovo/OneDrive/Documents/AB Semester 8/Web Sinta/web-sinta/website-sinta/sinta-app/vendor/laravel/framework/src/Illuminate/Database/Connection.php(794): Illuminate/Database/Connection->runQueryCallback('select * from `...', Array, Object(Closure))
#3 C:/Users/Lenovo/OneDrive/Documents/AB Semester 8/Web Sinta/web-sinta/website-sinta/sinta-app/vendor/laravel/framework/src/Illuminate/Database/Connection.php(411): Illuminate/Database/Connection->run('select * from `...', Array, Object(Closure))
#4 C:/Users/Lenovo/OneDrive/Documents/AB Semester 8/Web Sinta/web-sinta/website-sinta/sinta-app/vendor/laravel/framework/src/Illuminate/Database/Query/Builder.php(3389): Illuminate/Database/Connection->select('select * from `...', Array, false)
#5 C:/Users/Lenovo/OneDrive/Documents/AB Semester 8/Web Sinta/web-sinta/website-sinta/sinta-app/vendor/laravel/framework/src/Illuminate/Database/Query/Builder.php(3374): Illuminate/Database/Query/Builder->runSelect()
#6 C:/Users/Lenovo/OneDrive/Documents/AB Semester 8/Web Sinta/web-sinta/website-sinta/sinta-app/vendor/laravel/framework/src/Illuminate/Database/Query/Builder.php(3964): Illuminate/Database/Query/Builder->Illuminate/Database/Query/{closure}()
#7 C:/Users/Lenovo/OneDrive/Documents/AB Semester 8/Web Sinta/web-sinta/website-sinta/sinta-app/vendor/laravel/framework/src/Illuminate/Database/Query/Builder.php(3373): Illuminate/Database/Query/Builder->onceWithColumns(Array, Object(Closure))
#8 C:/Users/Lenovo/OneDrive/Documents/AB Semester 8/Web Sinta/web-sinta/website-sinta/sinta-app/vendor/laravel/framework/src/Illuminate/Database/Concerns/BuildsQueries.php(366): Illuminate/Database/Query/Builder->get(Array)
#9 C:/Users/Lenovo/OneDrive/Documents/AB Semester 8/Web Sinta/web-sinta/website-sinta/sinta-app/vendor/laravel/framework/src/Illuminate/Database/Query/Builder.php(3296): Illuminate/Database/Query/Builder->first(Array)
#10 C:/Users/Lenovo/OneDrive/Documents/AB Semester 8/Web Sinta/web-sinta/website-sinta/sinta-app/vendor/laravel/framework/src/Illuminate/Session/DatabaseSessionHandler.php(96): Illuminate/Database/Query/Builder->find('WrImmgzMQeBR6yD...')
#11 C:/Users/Lenovo/OneDrive/Documents/AB Semester 8/Web Sinta/web-sinta/website-sinta/sinta-app/vendor/laravel/framework/src/Illuminate/Session/Store.php(128): Illuminate/Session/DatabaseSessionHandler->read('WrImmgzMQeBR6yD...')
#12 C:/Users/Lenovo/OneDrive/Documents/AB Semester 8/Web Sinta/web-sinta/website-sinta/sinta-app/vendor/laravel/framework/src/Illuminate/Session/Store.php(116): Illuminate/Session/Store->readFromHandler()
#13 C:/Users/Lenovo/OneDrive/Documents/AB Semester 8/Web Sinta/web-sinta/website-sinta/sinta-app/vendor/laravel/framework/src/Illuminate/Session/Store.php(100): Illuminate/Session/Store->loadSession()
#14 C:/Users/Lenovo/OneDrive/Documents/AB Semester 8/Web Sinta/web-sinta/website-sinta/sinta-app/vendor/laravel/framework/src/Illuminate/Session/Middleware/StartSession.php(146): Illuminate/Session/Store->start()
#15 C:/Users/Lenovo/OneDrive/Documents/AB Semester 8/Web Sinta/web-sinta/website-sinta/sinta-app/vendor/laravel/framework/src/Illuminate/Support/helpers.php(390): Illuminate/Session/Middleware/StartSession->Illuminate/Session/Middleware/{closure}(Object(Illuminate/Session/Store))
#16 C:/Users/Lenovo/OneDrive/Documents/AB Semester 8/Web Sinta/web-sinta/website-sinta/sinta-app/vendor/laravel/framework/src/Illuminate/Session/Middleware/StartSession.php(143): tap(Object(Illuminate/Session/Store), Object(Closure))
#17 C:/Users/Lenovo/OneDrive/Documents/AB Semester 8/Web Sinta/web-sinta/website-sinta/sinta-app/vendor/laravel/framework/src/Illuminate/Session/Middleware/StartSession.php(115): Illuminate/Session/Middleware/StartSession->startSession(Object(Illuminate/Http/Request), Object(Illuminate/Session/Store))
#18 C:/Users/Lenovo/OneDrive/Documents/AB Semester 8/Web Sinta/web-sinta/website-sinta/sinta-app/vendor/laravel/framework/src/Illuminate/Session/Middleware/StartSession.php(63): Illuminate/Session/Middleware/StartSession->handleStatefulRequest(Object(Illuminate/Http/Request), Object(Illuminate/Session/Store), Object(Closure))
#19 C:/Users/Lenovo/OneDrive/Documents/AB Semester 8/Web Sinta/web-sinta/website-sinta/sinta-app/vendor/laravel/framework/src/Illuminate/Pipeline/Pipeline.php(219): Illuminate/Session/Middleware/StartSession->handle(Object(Illuminate/Http/Request), Object(Closure))
#20 C:/Users/Lenovo/OneDrive/Documents/AB Semester 8/Web Sinta/web-sinta/website-sinta/sinta-app/vendor/laravel/framework/src/Illuminate/Cookie/Middleware/AddQueuedCookiesToResponse.php(36): Illuminate/Pipeline/Pipeline->Illuminate/Pipeline/{closure}(Object(Illuminate/Http/Request))
#21 C:/Users/Lenovo/OneDrive/Documents/AB Semester 8/Web Sinta/web-sinta/website-sinta/sinta-app/vendor/laravel/framework/src/Illuminate/Pipeline/Pipeline.php(219): Illuminate/Cookie/Middleware/AddQueuedCookiesToResponse->handle(Object(Illuminate/Http/Request), Object(Closure))
#22 C:/Users/Lenovo/OneDrive/Documents/AB Semester 8/Web Sinta/web-sinta/website-sinta/sinta-app/vendor/laravel/framework/src/Illuminate/Cookie/Middleware/EncryptCookies.php(74): Illuminate/Pipeline/Pipeline->Illuminate/Pipeline/{closure}(Object(Illuminate/Http/Request))
#23 C:/Users/Lenovo/OneDrive/Documents/AB Semester 8/Web Sinta/web-sinta/website-sinta/sinta-app/vendor/laravel/framework/src/Illuminate/Pipeline/Pipeline.php(219): Illuminate/Cookie/Middleware/EncryptCookies->handle(Object(Illuminate/Http/Request), Object(Closure))
#24 C:/Users/Lenovo/OneDrive/Documents/AB Semester 8/Web Sinta/web-sinta/website-sinta/sinta-app/vendor/laravel/framework/src/Illuminate/Pipeline/Pipeline.php(137): Illuminate/Pipeline/Pipeline->Illuminate/Pipeline/{closure}(Object(Illuminate/Http/Request))
#25 C:/Users/Lenovo/OneDrive/Documents/AB Semester 8/Web Sinta/web-sinta/website-sinta/sinta-app/vendor/laravel/framework/src/Illuminate/Routing/Router.php(821): Illuminate/Pipeline/Pipeline->then(Object(Closure))
#26 C:/Users/Lenovo/OneDrive/Documents/AB Semester 8/Web Sinta/web-sinta/website-sinta/sinta-app/vendor/laravel/framework/src/Illuminate/Routing/Router.php(800): Illuminate/Routing/Router->runRouteWithinStack(Object(Illuminate/Routing/Route), Object(Illuminate/Http/Request))
#27 C:/Users/Lenovo/OneDrive/Documents/AB Semester 8/Web Sinta/web-sinta/website-sinta/sinta-app/vendor/laravel/framework/src/Illuminate/Routing/Router.php(764): Illuminate/Routing/Router->runRoute(Object(Illuminate/Http/Request), Object(Illuminate/Routing/Route))
#28 C:/Users/Lenovo/OneDrive/Documents/AB Semester 8/Web Sinta/web-sinta/website-sinta/sinta-app/vendor/laravel/framework/src/Illuminate/Routing/Router.php(753): Illuminate/Routing/Router->dispatchToRoute(Object(Illuminate/Http/Request))
#29 C:/Users/Lenovo/OneDrive/Documents/AB Semester 8/Web Sinta/web-sinta/website-sinta/sinta-app/vendor/laravel/framework/src/Illuminate/Foundation/Http/Kernel.php(200): Illuminate/Routing/Router->dispatch(Object(Illuminate/Http/Request))
#30 C:/Users/Lenovo/OneDrive/Documents/AB Semester 8/Web Sinta/web-sinta/website-sinta/sinta-app/vendor/laravel/framework/src/Illuminate/Pipeline/Pipeline.php(180): Illuminate/Foundation/Http/Kernel->Illuminate/Foundation/Http/{closure}(Object(Illuminate/Http/Request))
#31 C:/Users/Lenovo/OneDrive/Documents/AB Semester 8/Web Sinta/web-sinta/website-sinta/sinta-app/vendor/laravel/framework/src/Illuminate/Foundation/Http/Middleware/TransformsRequest.php(21): Illuminate/Pipeline/Pipeline->Illuminate/Pipeline/{closure}(Object(Illuminate/Http/Request))
#32 C:/Users/Lenovo/OneDrive/Documents/AB Semester 8/Web Sinta/web-sinta/website-sinta/sinta-app/vendor/laravel/framework/src/Illuminate/Foundation/Http/Middleware/ConvertEmptyStringsToNull.php(31): Illuminate/Foundation/Http/Middleware/TransformsRequest->handle(Object(Illuminate/Http/Request), Object(Closure))
#33 C:/Users/Lenovo/OneDrive/Documents/AB Semester 8/Web Sinta/web-sinta/website-sinta/sinta-app/vendor/laravel/framework/src/Illuminate/Pipeline/Pipeline.php(219): Illuminate/Foundation/Http/Middleware/ConvertEmptyStringsToNull->handle(Object(Illuminate/Http/Request), Object(Closure))
#34 C:/Users/Lenovo/OneDrive/Documents/AB Semester 8/Web Sinta/web-sinta/website-sinta/sinta-app/vendor/laravel/framework/src/Illuminate/Foundation/Http/Middleware/TransformsRequest.php(21): Illuminate/Pipeline/Pipeline->Illuminate/Pipeline/{closure}(Object(Illuminate/Http/Request))
#35 C:/Users/Lenovo/OneDrive/Documents/AB Semester 8/Web Sinta/web-sinta/website-sinta/sinta-app/vendor/laravel/framework/src/Illuminate/Foundation/Http/Middleware/TrimStrings.php(51): Illuminate/Foundation/Http/Middleware/TransformsRequest->handle(Object(Illuminate/Http/Request), Object(Closure))
#36 C:/Users/Lenovo/OneDrive/Documents/AB Semester 8/Web Sinta/web-sinta/website-sinta/sinta-app/vendor/laravel/framework/src/Illuminate/Pipeline/Pipeline.php(219): Illuminate/Foundation/Http/Middleware/TrimStrings->handle(Object(Illuminate/Http/Request), Object(Closure))
#37 C:/Users/Lenovo/OneDrive/Documents/AB Semester 8/Web Sinta/web-sinta/website-sinta/sinta-app/vendor/laravel/framework/src/Illuminate/Http/Middleware/ValidatePostSize.php(27): Illuminate/Pipeline/Pipeline->Illuminate/Pipeline/{closure}(Object(Illuminate/Http/Request))
#38 C:/Users/Lenovo/OneDrive/Documents/AB Semester 8/Web Sinta/web-sinta/website-sinta/sinta-app/vendor/laravel/framework/src/Illuminate/Pipeline/Pipeline.php(219): Illuminate/Http/Middleware/ValidatePostSize->handle(Object(Illuminate/Http/Request), Object(Closure))
#39 C:/Users/Lenovo/OneDrive/Documents/AB Semester 8/Web Sinta/web-sinta/website-sinta/sinta-app/vendor/laravel/framework/src/Illuminate/Foundation/Http/Middleware/PreventRequestsDuringMaintenance.php(109): Illuminate/Pipeline/Pipeline->Illuminate/Pipeline/{closure}(Object(Illuminate/Http/Request))
#40 C:/Users/Lenovo/OneDrive/Documents/AB Semester 8/Web Sinta/web-sinta/website-sinta/sinta-app/vendor/laravel/framework/src/Illuminate/Pipeline/Pipeline.php(219): Illuminate/Foundation/Http/Middleware/PreventRequestsDuringMaintenance->handle(Object(Illuminate/Http/Request), Object(Closure))
#41 C:/Users/Lenovo/OneDrive/Documents/AB Semester 8/Web Sinta/web-sinta/website-sinta/sinta-app/vendor/laravel/framework/src/Illuminate/Http/Middleware/HandleCors.php(61): Illuminate/Pipeline/Pipeline->Illuminate/Pipeline/{closure}(Object(Illuminate/Http/Request))
#42 C:/Users/Lenovo/OneDrive/Documents/AB Semester 8/Web Sinta/web-sinta/website-sinta/sinta-app/vendor/laravel/framework/src/Illuminate/Pipeline/Pipeline.php(219): Illuminate/Http/Middleware/HandleCors->handle(Object(Illuminate/Http/Request), Object(Closure))
#43 C:/Users/Lenovo/OneDrive/Documents/AB Semester 8/Web Sinta/web-sinta/website-sinta/sinta-app/vendor/laravel/framework/src/Illuminate/Http/Middleware/TrustProxies.php(58): Illuminate/Pipeline/Pipeline->Illuminate/Pipeline/{closure}(Object(Illuminate/Http/Request))
#44 C:/Users/Lenovo/OneDrive/Documents/AB Semester 8/Web Sinta/web-sinta/website-sinta/sinta-app/vendor/laravel/framework/src/Illuminate/Pipeline/Pipeline.php(219): Illuminate/Http/Middleware/TrustProxies->handle(Object(Illuminate/Http/Request), Object(Closure))
#45 C:/Users/Lenovo/OneDrive/Documents/AB Semester 8/Web Sinta/web-sinta/website-sinta/sinta-app/vendor/laravel/framework/src/Illuminate/Foundation/Http/Middleware/InvokeDeferredCallbacks.php(22): Illuminate/Pipeline/Pipeline->Illuminate/Pipeline/{closure}(Object(Illuminate/Http/Request))
#46 C:/Users/Lenovo/OneDrive/Documents/AB Semester 8/Web Sinta/web-sinta/website-sinta/sinta-app/vendor/laravel/framework/src/Illuminate/Pipeline/Pipeline.php(219): Illuminate/Foundation/Http/Middleware/InvokeDeferredCallbacks->handle(Object(Illuminate/Http/Request), Object(Closure))
#47 C:/Users/Lenovo/OneDrive/Documents/AB Semester 8/Web Sinta/web-sinta/website-sinta/sinta-app/vendor/laravel/framework/src/Illuminate/Http/Middleware/ValidatePathEncoding.php(26): Illuminate/Pipeline/Pipeline->Illuminate/Pipeline/{closure}(Object(Illuminate/Http/Request))
#48 C:/Users/Lenovo/OneDrive/Documents/AB Semester 8/Web Sinta/web-sinta/website-sinta/sinta-app/vendor/laravel/framework/src/Illuminate/Pipeline/Pipeline.php(219): Illuminate/Http/Middleware/ValidatePathEncoding->handle(Object(Illuminate/Http/Request), Object(Closure))
#49 C:/Users/Lenovo/OneDrive/Documents/AB Semester 8/Web Sinta/web-sinta/website-sinta/sinta-app/vendor/laravel/framework/src/Illuminate/Pipeline/Pipeline.php(137): Illuminate/Pipeline/Pipeline->Illuminate/Pipeline/{closure}(Object(Illuminate/Http/Request))
#50 C:/Users/Lenovo/OneDrive/Documents/AB Semester 8/Web Sinta/web-sinta/website-sinta/sinta-app/vendor/laravel/framework/src/Illuminate/Foundation/Http/Kernel.php(175): Illuminate/Pipeline/Pipeline->then(Object(Closure))
#51 C:/Users/Lenovo/OneDrive/Documents/AB Semester 8/Web Sinta/web-sinta/website-sinta/sinta-app/vendor/laravel/framework/src/Illuminate/Foundation/Http/Kernel.php(144): Illuminate/Foundation/Http/Kernel->sendRequestThroughRouter(Object(Illuminate/Http/Request))
#52 C:/Users/Lenovo/OneDrive/Documents/AB Semester 8/Web Sinta/web-sinta/website-sinta/sinta-app/vendor/laravel/framework/src/Illuminate/Foundation/Application.php(1220): Illuminate/Foundation/Http/Kernel->handle(Object(Illuminate/Http/Request))
#53 C:/Users/Lenovo/OneDrive/Documents/AB Semester 8/Web Sinta/web-sinta/website-sinta/sinta-app/public/index.php(20): Illuminate/Foundation/Application->handleRequest(Object(Illuminate/Http/Request))
#54 C:/Users/Lenovo/OneDrive/Documents/AB Semester 8/Web Sinta/web-sinta/website-sinta/sinta-app/vendor/laravel/framework/src/Illuminate/Foundation/resources/server.php(23): require_once('C://Users//Lenovo...')
#55 {main}
"} 
[2026-02-06 05:02:00] local.ERROR: There are no commands defined in the "config:" namespace.

Did you mean this?
    config {"exception":"[object] (Symfony\\Component\\Console\\Exception\\NamespaceNotFoundException(code: 0): There are no commands defined in the \"config:\" namespace.

Did you mean this?
    config at C:/Users/Lenovo/OneDrive/Documents/AB Semester 8/Web Sinta/web-sinta/website-sinta/sinta-app/vendor/symfony/console/Application.php:694)
[stacktrace]
#0 C:/Users/Lenovo/OneDrive/Documents/AB Semester 8/Web Sinta/web-sinta/website-sinta/sinta-app/vendor/symfony/console/Application.php(743): Symfony/Component/Console/Application->findNamespace('config:')
#1 C:/Users/Lenovo/OneDrive/Documents/AB Semester 8/Web Sinta/web-sinta/website-sinta/sinta-app/vendor/symfony/console/Application.php(298): Symfony/Component/Console/Application->find('config::clear')
#2 C:/Users/Lenovo/OneDrive/Documents/AB Semester 8/Web Sinta/web-sinta/website-sinta/sinta-app/vendor/symfony/console/Application.php(195): Symfony/Component/Console/Application->doRun(Object(Symfony/Component/Console/Input/ArgvInput), Object(Symfony/Component/Console/Output/ConsoleOutput))
#3 C:/Users/Lenovo/OneDrive/Documents/AB Semester 8/Web Sinta/web-sinta/website-sinta/sinta-app/vendor/laravel/framework/src/Illuminate/Foundation/Console/Kernel.php(198): Symfony/Component/Console/Application->run(Object(Symfony/Component/Console/Input/ArgvInput), Object(Symfony/Component/Console/Output/ConsoleOutput))
#4 C:/Users/Lenovo/OneDrive/Documents/AB Semester 8/Web Sinta/web-sinta/website-sinta/sinta-app/vendor/laravel/framework/src/Illuminate/Foundation/Application.php(1235): Illuminate/Foundation/Console/Kernel->handle(Object(Symfony/Component/Console/Input/ArgvInput), Object(Symfony/Component/Console/Output/ConsoleOutput))
#5 C:/Users/Lenovo/OneDrive/Documents/AB Semester 8/Web Sinta/web-sinta/website-sinta/sinta-app/artisan(16): Illuminate/Foundation/Application->handleCommand(Object(Symfony/Component/Console/Input/ArgvInput))
#6 {main}
"} 
[2026-02-06 05:22:57] local.ERROR: Python scraping failed: Traceback (most recent call last):
  File "C:\Users\Lenovo\OneDrive\Documents\AB Semester 8\Web Sinta\web-sinta\website-sinta\sinta-app\sinta_scraper.py", line 2, in <module>
    from bs4 import BeautifulSoup
ModuleNotFoundError: No module named 'bs4'
  
[2026-02-06 05:24:18] local.ERROR: There are no commands defined in the "optimizer" namespace.

Did you mean this?
    optimize {"exception":"[object] (Symfony\\Component\\Console\\Exception\\NamespaceNotFoundException(code: 0): There are no commands defined in the \"optimizer\" namespace.

Did you mean this?
    optimize at C:/Users/Lenovo/OneDrive/Documents/AB Semester 8/Web Sinta/web-sinta/website-sinta/sinta-app/vendor/symfony/console/Application.php:694)
[stacktrace]
#0 C:/Users/Lenovo/OneDrive/Documents/AB Semester 8/Web Sinta/web-sinta/website-sinta/sinta-app/vendor/symfony/console/Application.php(743): Symfony/Component/Console/Application->findNamespace('optimizer')
#1 C:/Users/Lenovo/OneDrive/Documents/AB Semester 8/Web Sinta/web-sinta/website-sinta/sinta-app/vendor/symfony/console/Application.php(298): Symfony/Component/Console/Application->find('optimizer:clear')
#2 C:/Users/Lenovo/OneDrive/Documents/AB Semester 8/Web Sinta/web-sinta/website-sinta/sinta-app/vendor/symfony/console/Application.php(195): Symfony/Component/Console/Application->doRun(Object(Symfony/Component/Console/Input/ArgvInput), Object(Symfony/Component/Console/Output/ConsoleOutput))
#3 C:/Users/Lenovo/OneDrive/Documents/AB Semester 8/Web Sinta/web-sinta/website-sinta/sinta-app/vendor/laravel/framework/src/Illuminate/Foundation/Console/Kernel.php(198): Symfony/Component/Console/Application->run(Object(Symfony/Component/Console/Input/ArgvInput), Object(Symfony/Component/Console/Output/ConsoleOutput))
#4 C:/Users/Lenovo/OneDrive/Documents/AB Semester 8/Web Sinta/web-sinta/website-sinta/sinta-app/vendor/laravel/framework/src/Illuminate/Foundation/Application.php(1235): Illuminate/Foundation/Console/Kernel->handle(Object(Symfony/Component/Console/Input/ArgvInput), Object(Symfony/Component/Console/Output/ConsoleOutput))
#5 C:/Users/Lenovo/OneDrive/Documents/AB Semester 8/Web Sinta/web-sinta/website-sinta/sinta-app/artisan(16): Illuminate/Foundation/Application->handleCommand(Object(Symfony/Component/Console/Input/ArgvInput))
#6 {main}
"} 
[2026-02-06 05:24:54] local.ERROR: Python scraping failed: Traceback (most recent call last):
  File "C:\Users\Lenovo\OneDrive\Documents\AB Semester 8\Web Sinta\web-sinta\website-sinta\sinta-app\sinta_scraper.py", line 2, in <module>
    from bs4 import BeautifulSoup
ModuleNotFoundError: No module named 'bs4'
  
[2026-02-06 05:27:21] local.ERROR: Scrape error: Python script not found at C:\Users\Lenovo\OneDrive\Documents\AB Semester 8\Web Sinta\web-sinta\website-sinta\sinta-app\sinta_scraper.py  
[2026-02-06 05:30:45] local.ERROR: Scrape error: Python script not found at C:\Users\Lenovo\OneDrive\Documents\AB Semester 8\Web Sinta\web-sinta\website-sinta\sinta-app\sinta_scraper.py  
[2026-02-08 13:23:22] local.ERROR: Maximum execution time of 60 seconds exceeded {"exception":"[object] (Symfony\\Component\\ErrorHandler\\Error\\FatalError(code: 0): Maximum execution time of 60 seconds exceeded at C:/Users/Lenovo/OneDrive/Documents/AB Semester 8/Web Sinta/web-sinta/website-sinta/sinta-app/app/Http/Controllers/SintaController.php:105)
[stacktrace]
#0 {main}
"} 
[2026-02-08 13:36:20] local.ERROR: Maximum execution time of 60 seconds exceeded {"exception":"[object] (Symfony\\Component\\ErrorHandler\\Error\\FatalError(code: 0): Maximum execution time of 60 seconds exceeded at C:/Users/Lenovo/OneDrive/Documents/AB Semester 8/Web Sinta/web-sinta/website-sinta/sinta-app/app/Http/Controllers/SintaController.php:105)
[stacktrace]
#0 {main}
"} 
[2026-02-08 13:59:46] local.ERROR: Maximum execution time of 60 seconds exceeded {"exception":"[object] (Symfony\\Component\\ErrorHandler\\Error\\FatalError(code: 0): Maximum execution time of 60 seconds exceeded at C:/Users/Lenovo/OneDrive/Documents/AB Semester 8/Web Sinta/web-sinta/website-sinta/sinta-app/app/Http/Controllers/SintaController.php:105)
[stacktrace]
#0 {main}
"} 
[2026-02-10 00:44:13] local.ERROR: Maximum execution time of 60 seconds exceeded {"exception":"[object] (Symfony\\Component\\ErrorHandler\\Error\\FatalError(code: 0): Maximum execution time of 60 seconds exceeded at C:/Users/Lenovo/OneDrive/Documents/AB Semester 8/Web Sinta/web-sinta/website-sinta/sinta-app/app/Http/Controllers/SintaController.php:105)
[stacktrace]
#0 {main}
"} 
